Book,Slug,Hadith Number,Chapter,Has EN,Has AR,Reference URL
Sunan Abu Dawood,abudawud,907,Prayer (Kitab Al-Salat),No,No,https://sunnah.com/abudawud:907
Sunan Abu Dawood,abudawud,4290,The Promised Deliverer (Kitab Al-Mahdi),No,No,https://sunnah.com/abudawud:4290
Sahih Bukhari,bukhari,5710,Medicine,No,No,https://sunnah.com/bukhari:5710
Sahih Bukhari,bukhari,5711,Medicine,No,No,https://sunnah.com/bukhari:5711
Sahih Bukhari,bukhari,5712,Medicine,No,No,https://sunnah.com/bukhari:5712
Sahih Bukhari,bukhari,5774,Medicine,No,No,https://sunnah.com/bukhari:5774
Sahih Bukhari,bukhari,5775,Medicine,No,No,https://sunnah.com/bukhari:5775
Sahih Bukhari,bukhari,6074,Good Manners and Form (Al-Adab),No,No,https://sunnah.com/bukhari:6074
Sahih Bukhari,bukhari,6075,Good Manners and Form (Al-Adab),No,No,https://sunnah.com/bukhari:6075
Sahih Bukhari,bukhari,6174,Good Manners and Form (Al-Adab),No,No,https://sunnah.com/bukhari:6174
Sahih Bukhari,bukhari,6175,Good Manners and Form (Al-Adab),No,No,https://sunnah.com/bukhari:6175
Sahih Muslim,muslim,1,Introduction,No,No,https://sunnah.com/muslim:1
Sahih Muslim,muslim,2,Introduction,No,No,https://sunnah.com/muslim:2
Sahih Muslim,muslim,5,Introduction,No,No,https://sunnah.com/muslim:5
Sahih Muslim,muslim,6,Introduction,No,No,https://sunnah.com/muslim:6
Sahih Muslim,muslim,7,Introduction,No,No,https://sunnah.com/muslim:7
Sahih Muslim,muslim,8,Introduction,No,No,https://sunnah.com/muslim:8
Sahih Muslim,muslim,9,Introduction,No,No,https://sunnah.com/muslim:9
Sahih Muslim,muslim,10,Introduction,No,No,https://sunnah.com/muslim:10
Sahih Muslim,muslim,11,Introduction,No,No,https://sunnah.com/muslim:11
Sahih Muslim,muslim,12,Introduction,No,No,https://sunnah.com/muslim:12
Sahih Muslim,muslim,13,Introduction,No,No,https://sunnah.com/muslim:13
Sahih Muslim,muslim,14,Introduction,No,No,https://sunnah.com/muslim:14
Sahih Muslim,muslim,16,Introduction,No,No,https://sunnah.com/muslim:16
Sahih Muslim,muslim,17,Introduction,No,No,https://sunnah.com/muslim:17
Sahih Muslim,muslim,18,Introduction,No,No,https://sunnah.com/muslim:18
Sahih Muslim,muslim,19,Introduction,No,No,https://sunnah.com/muslim:19
Sahih Muslim,muslim,20,Introduction,No,No,https://sunnah.com/muslim:20
Sahih Muslim,muslim,21,Introduction,No,No,https://sunnah.com/muslim:21
Sahih Muslim,muslim,22,Introduction,No,No,https://sunnah.com/muslim:22
Sahih Muslim,muslim,23,Introduction,No,No,https://sunnah.com/muslim:23
Sahih Muslim,muslim,24,Introduction,No,No,https://sunnah.com/muslim:24
Sahih Muslim,muslim,25,Introduction,No,No,https://sunnah.com/muslim:25
Sahih Muslim,muslim,26,Introduction,No,No,https://sunnah.com/muslim:26
Sahih Muslim,muslim,27,Introduction,No,No,https://sunnah.com/muslim:27
Sahih Muslim,muslim,28,Introduction,No,No,https://sunnah.com/muslim:28
Sahih Muslim,muslim,29,Introduction,No,No,https://sunnah.com/muslim:29
Sahih Muslim,muslim,30,Introduction,No,No,https://sunnah.com/muslim:30
Sahih Muslim,muslim,31,Introduction,No,No,https://sunnah.com/muslim:31
Sahih Muslim,muslim,32,Introduction,No,No,https://sunnah.com/muslim:32
Sahih Muslim,muslim,33,Introduction,No,No,https://sunnah.com/muslim:33
Sahih Muslim,muslim,34,Introduction,No,No,https://sunnah.com/muslim:34
Sahih Muslim,muslim,35,Introduction,No,No,https://sunnah.com/muslim:35
Sahih Muslim,muslim,36,Introduction,No,No,https://sunnah.com/muslim:36
Sahih Muslim,muslim,37,Introduction,No,No,https://sunnah.com/muslim:37
Sahih Muslim,muslim,38,Introduction,No,No,https://sunnah.com/muslim:38
Sahih Muslim,muslim,39,Introduction,No,No,https://sunnah.com/muslim:39
Sahih Muslim,muslim,40,Introduction,No,No,https://sunnah.com/muslim:40
Sahih Muslim,muslim,41,Introduction,No,No,https://sunnah.com/muslim:41
Sahih Muslim,muslim,42,Introduction,No,No,https://sunnah.com/muslim:42
Sahih Muslim,muslim,43,Introduction,No,No,https://sunnah.com/muslim:43
Sahih Muslim,muslim,44,Introduction,No,No,https://sunnah.com/muslim:44
Sahih Muslim,muslim,45,Introduction,No,No,https://sunnah.com/muslim:45
Sahih Muslim,muslim,46,Introduction,No,No,https://sunnah.com/muslim:46
Sahih Muslim,muslim,47,Introduction,No,No,https://sunnah.com/muslim:47
Sahih Muslim,muslim,48,Introduction,No,No,https://sunnah.com/muslim:48
Sahih Muslim,muslim,49,Introduction,No,No,https://sunnah.com/muslim:49
Sahih Muslim,muslim,50,Introduction,No,No,https://sunnah.com/muslim:50
Sahih Muslim,muslim,51,Introduction,No,No,https://sunnah.com/muslim:51
Sahih Muslim,muslim,52,Introduction,No,No,https://sunnah.com/muslim:52
Sahih Muslim,muslim,53,Introduction,No,No,https://sunnah.com/muslim:53
Sahih Muslim,muslim,54,Introduction,No,No,https://sunnah.com/muslim:54
Sahih Muslim,muslim,55,Introduction,No,No,https://sunnah.com/muslim:55
Sahih Muslim,muslim,56,Introduction,No,No,https://sunnah.com/muslim:56
Sahih Muslim,muslim,57,Introduction,No,No,https://sunnah.com/muslim:57
Sahih Muslim,muslim,58,Introduction,No,No,https://sunnah.com/muslim:58
Sahih Muslim,muslim,59,Introduction,No,No,https://sunnah.com/muslim:59
Sahih Muslim,muslim,60,Introduction,No,No,https://sunnah.com/muslim:60
Sahih Muslim,muslim,61,Introduction,No,No,https://sunnah.com/muslim:61
Sahih Muslim,muslim,62,Introduction,No,No,https://sunnah.com/muslim:62
Sahih Muslim,muslim,63,Introduction,No,No,https://sunnah.com/muslim:63
Sahih Muslim,muslim,64,Introduction,No,No,https://sunnah.com/muslim:64
Sahih Muslim,muslim,65,Introduction,No,No,https://sunnah.com/muslim:65
Sahih Muslim,muslim,66,Introduction,No,No,https://sunnah.com/muslim:66
Sahih Muslim,muslim,67,Introduction,No,No,https://sunnah.com/muslim:67
Sahih Muslim,muslim,68,Introduction,No,No,https://sunnah.com/muslim:68
Sahih Muslim,muslim,69,Introduction,No,No,https://sunnah.com/muslim:69
Sahih Muslim,muslim,70,Introduction,No,No,https://sunnah.com/muslim:70
Sahih Muslim,muslim,71,Introduction,No,No,https://sunnah.com/muslim:71
Sahih Muslim,muslim,72,Introduction,No,No,https://sunnah.com/muslim:72
Sahih Muslim,muslim,73,Introduction,No,No,https://sunnah.com/muslim:73
Sahih Muslim,muslim,74,Introduction,No,No,https://sunnah.com/muslim:74
Sahih Muslim,muslim,75,Introduction,No,No,https://sunnah.com/muslim:75
Sahih Muslim,muslim,76,Introduction,No,No,https://sunnah.com/muslim:76
Sahih Muslim,muslim,77,Introduction,No,No,https://sunnah.com/muslim:77
Sahih Muslim,muslim,78,Introduction,No,No,https://sunnah.com/muslim:78
Sahih Muslim,muslim,79,Introduction,No,No,https://sunnah.com/muslim:79
Sahih Muslim,muslim,80,Introduction,No,No,https://sunnah.com/muslim:80
Sahih Muslim,muslim,81,Introduction,No,No,https://sunnah.com/muslim:81
Sahih Muslim,muslim,82,Introduction,No,No,https://sunnah.com/muslim:82
Sahih Muslim,muslim,83,Introduction,No,No,https://sunnah.com/muslim:83
Sahih Muslim,muslim,84,Introduction,No,No,https://sunnah.com/muslim:84
Sahih Muslim,muslim,85,Introduction,No,No,https://sunnah.com/muslim:85
Sahih Muslim,muslim,86,Introduction,No,No,https://sunnah.com/muslim:86
Sahih Muslim,muslim,87,Introduction,No,No,https://sunnah.com/muslim:87
Sahih Muslim,muslim,88,Introduction,No,No,https://sunnah.com/muslim:88
Sahih Muslim,muslim,89,Introduction,No,No,https://sunnah.com/muslim:89
Sahih Muslim,muslim,90,Introduction,No,No,https://sunnah.com/muslim:90
Sahih Muslim,muslim,91,Introduction,No,No,https://sunnah.com/muslim:91
Sahih Muslim,muslim,92,Introduction,No,No,https://sunnah.com/muslim:92
Sahih Muslim,muslim,128,The Book of Faith,No,No,https://sunnah.com/muslim:128
Sahih Muslim,muslim,209,The Book of Faith,No,No,https://sunnah.com/muslim:209
Sahih Muslim,muslim,248,The Book of Faith,No,No,https://sunnah.com/muslim:248
Sahih Muslim,muslim,384,The Book of Faith,No,No,https://sunnah.com/muslim:384
Sahih Muslim,muslim,388,The Book of Faith,No,No,https://sunnah.com/muslim:388
Sahih Muslim,muslim,637,The Book of Purification,No,No,https://sunnah.com/muslim:637
Sahih Muslim,muslim,638,The Book of Purification,No,No,https://sunnah.com/muslim:638
Sahih Muslim,muslim,794,The Book of Menstruation,No,No,https://sunnah.com/muslim:794
Sahih Muslim,muslim,852,The Book of Prayers ,No,No,https://sunnah.com/muslim:852
Sahih Muslim,muslim,853,The Book of Prayers ,No,No,https://sunnah.com/muslim:853
Sahih Muslim,muslim,881,The Book of Prayers ,No,No,https://sunnah.com/muslim:881
Sahih Muslim,muslim,1221,The Book of Mosques and Places of Prayer,No,No,https://sunnah.com/muslim:1221
Sahih Muslim,muslim,1222,The Book of Mosques and Places of Prayer,No,No,https://sunnah.com/muslim:1222
Sahih Muslim,muslim,1251,The Book of Mosques and Places of Prayer,No,No,https://sunnah.com/muslim:1251
Sahih Muslim,muslim,1332,The Book of Mosques and Places of Prayer,No,No,https://sunnah.com/muslim:1332
Sahih Muslim,muslim,1351,The Book of Mosques and Places of Prayer,No,No,https://sunnah.com/muslim:1351
Sahih Muslim,muslim,1355,The Book of Mosques and Places of Prayer,No,No,https://sunnah.com/muslim:1355
Sahih Muslim,muslim,1366,The Book of Mosques and Places of Prayer,No,No,https://sunnah.com/muslim:1366
Sahih Muslim,muslim,1428,The Book of Mosques and Places of Prayer,No,No,https://sunnah.com/muslim:1428
Sahih Muslim,muslim,1429,The Book of Mosques and Places of Prayer,No,No,https://sunnah.com/muslim:1429
Sahih Muslim,muslim,1648,The Book of Prayer - Travellers,No,No,https://sunnah.com/muslim:1648
Sahih Muslim,muslim,1719,The Book of Prayer - Travellers,No,No,https://sunnah.com/muslim:1719
Sahih Muslim,muslim,1778,The Book of Prayer - Travellers,No,No,https://sunnah.com/muslim:1778
Sahih Muslim,muslim,2295,The Book of Zakat,No,No,https://sunnah.com/muslim:2295
Sahih Muslim,muslim,2339,The Book of Zakat,No,No,https://sunnah.com/muslim:2339
Sahih Muslim,muslim,2381,The Book of Zakat,No,No,https://sunnah.com/muslim:2381
Sahih Muslim,muslim,2810,The Book of Pilgrimage,No,No,https://sunnah.com/muslim:2810
Sahih Muslim,muslim,3038,The Book of Pilgrimage,No,No,https://sunnah.com/muslim:3038
Sahih Muslim,muslim,3039,The Book of Pilgrimage,No,No,https://sunnah.com/muslim:3039
Sahih Muslim,muslim,3262,The Book of Pilgrimage,No,No,https://sunnah.com/muslim:3262
Sahih Muslim,muslim,3463,The Book of Marriage,No,No,https://sunnah.com/muslim:3463
Sahih Muslim,muslim,3525,The Book of Marriage,No,No,https://sunnah.com/muslim:3525
Sahih Muslim,muslim,3836,The Book of Transactions,No,No,https://sunnah.com/muslim:3836
Sahih Muslim,muslim,3845,The Book of Transactions,No,No,https://sunnah.com/muslim:3845
Sahih Muslim,muslim,3846,The Book of Transactions,No,No,https://sunnah.com/muslim:3846
Sahih Muslim,muslim,4436,The Book of Legal Punishments,No,No,https://sunnah.com/muslim:4436
Sahih Muslim,muslim,5114,The Book of Sacrifices,No,No,https://sunnah.com/muslim:5114
Sahih Muslim,muslim,5115,The Book of Sacrifices,No,No,https://sunnah.com/muslim:5115
Sahih Muslim,muslim,5214,The Book of Drinks,No,No,https://sunnah.com/muslim:5214
Sahih Muslim,muslim,5384,The Book of Virtues,No,No,https://sunnah.com/muslim:5384
Sahih Muslim,muslim,5393,The Book of Clothes and Adornment,No,No,https://sunnah.com/muslim:5393
Sahih Muslim,muslim,5541,The Book of Clothes and Adornment,No,No,https://sunnah.com/muslim:5541
Sahih Muslim,muslim,5542,The Book of Clothes and Adornment,No,No,https://sunnah.com/muslim:5542
Sahih Muslim,muslim,5543,The Book of Clothes and Adornment,No,No,https://sunnah.com/muslim:5543
Sahih Muslim,muslim,5544,The Book of Clothes and Adornment,No,No,https://sunnah.com/muslim:5544
Sahih Muslim,muslim,5545,The Book of Clothes and Adornment,No,No,https://sunnah.com/muslim:5545
Sahih Muslim,muslim,5637,The Book of Manners and Etiquette,No,No,https://sunnah.com/muslim:5637
Sahih Muslim,muslim,5995,The Book of Virtues,No,No,https://sunnah.com/muslim:5995
Sahih Muslim,muslim,5996,The Book of Virtues,No,No,https://sunnah.com/muslim:5996
Sahih Muslim,muslim,5997,The Book of Virtues,No,No,https://sunnah.com/muslim:5997
Sahih Muslim,muslim,5998,The Book of Virtues,No,No,https://sunnah.com/muslim:5998
Sahih Muslim,muslim,5999,The Book of Virtues,No,No,https://sunnah.com/muslim:5999
Sahih Muslim,muslim,6000,The Book of Virtues,No,No,https://sunnah.com/muslim:6000
Sahih Muslim,muslim,6001,The Book of Virtues,No,No,https://sunnah.com/muslim:6001
Sahih Muslim,muslim,6002,The Book of Virtues,No,No,https://sunnah.com/muslim:6002
Sahih Muslim,muslim,6003,The Book of Virtues,No,No,https://sunnah.com/muslim:6003
Sahih Muslim,muslim,6144,The Book of Virtues,No,No,https://sunnah.com/muslim:6144
Sahih Muslim,muslim,6527,"The Book of Virtue, Enjoining Good Manners, and Joining of the Ties of Kinship",No,No,https://sunnah.com/muslim:6527
Sahih Muslim,muslim,6528,"The Book of Virtue, Enjoining Good Manners, and Joining of the Ties of Kinship",No,No,https://sunnah.com/muslim:6528
Sahih Muslim,muslim,6529,"The Book of Virtue, Enjoining Good Manners, and Joining of the Ties of Kinship",No,No,https://sunnah.com/muslim:6529
Sahih Muslim,muslim,6574,"The Book of Virtue, Enjoining Good Manners, and Joining of the Ties of Kinship",Yes,Yes,https://sunnah.com/muslim:6574
Sahih Muslim,muslim,6701,"The Book of Virtue, Enjoining Good Manners, and Joining of the Ties of Kinship",No,No,https://sunnah.com/muslim:6701
Sahih Muslim,muslim,6702,"The Book of Virtue, Enjoining Good Manners, and Joining of the Ties of Kinship",No,No,https://sunnah.com/muslim:6702
Sahih Muslim,muslim,6792,The Book of Knowledge,No,No,https://sunnah.com/muslim:6792
Sahih Muslim,muslim,6844,"The Book Pertaining to the Remembrance of Allah, Supplication, Repentance and Seeking Forgiveness ",No,No,https://sunnah.com/muslim:6844
Sahih Muslim,muslim,6845,"The Book Pertaining to the Remembrance of Allah, Supplication, Repentance and Seeking Forgiveness ",No,No,https://sunnah.com/muslim:6845
Sahih Muslim,muslim,7016,The Book of Repentance,No,No,https://sunnah.com/muslim:7016
Sahih Muslim,muslim,7020,The Book of Repentance,No,No,https://sunnah.com/muslim:7020
Sahih Muslim,muslim,7144,"The Book of Paradise, its Description, its Bounties and its Inhabitants",No,No,https://sunnah.com/muslim:7144
Sahih Muslim,muslim,7256,The Book of Tribulations and Portents of the Last Hour,No,No,https://sunnah.com/muslim:7256
Sahih Muslim,muslim,7301,The Book of Tribulations and Portents of the Last Hour,No,No,https://sunnah.com/muslim:7301
Sahih Muslim,muslim,7317,The Book of Tribulations and Portents of the Last Hour,No,No,https://sunnah.com/muslim:7317
Sahih Muslim,muslim,7325,The Book of Tribulations and Portents of the Last Hour,No,No,https://sunnah.com/muslim:7325
Sahih Muslim,muslim,7329,The Book of Tribulations and Portents of the Last Hour,No,No,https://sunnah.com/muslim:7329
Sahih Muslim,muslim,7330,The Book of Tribulations and Portents of the Last Hour,No,No,https://sunnah.com/muslim:7330
Sahih Muslim,muslim,7331,The Book of Tribulations and Portents of the Last Hour,No,No,https://sunnah.com/muslim:7331
Sahih Muslim,muslim,7332,The Book of Tribulations and Portents of the Last Hour,No,No,https://sunnah.com/muslim:7332
Sahih Muslim,muslim,7333,The Book of Tribulations and Portents of the Last Hour,No,No,https://sunnah.com/muslim:7333
Sahih Muslim,muslim,7334,The Book of Tribulations and Portents of the Last Hour,No,No,https://sunnah.com/muslim:7334
Sahih Muslim,muslim,7335,The Book of Tribulations and Portents of the Last Hour,No,No,https://sunnah.com/muslim:7335
Sahih Muslim,muslim,7336,The Book of Tribulations and Portents of the Last Hour,No,No,https://sunnah.com/muslim:7336
Sahih Muslim,muslim,7337,The Book of Tribulations and Portents of the Last Hour,No,No,https://sunnah.com/muslim:7337
Sahih Muslim,muslim,7338,The Book of Tribulations and Portents of the Last Hour,No,No,https://sunnah.com/muslim:7338
Sahih Muslim,muslim,7339,The Book of Tribulations and Portents of the Last Hour,No,No,https://sunnah.com/muslim:7339
Sahih Muslim,muslim,7340,The Book of Tribulations and Portents of the Last Hour,No,No,https://sunnah.com/muslim:7340
Sahih Muslim,muslim,7341,The Book of Tribulations and Portents of the Last Hour,No,No,https://sunnah.com/muslim:7341
Sahih Muslim,muslim,7342,The Book of Tribulations and Portents of the Last Hour,No,No,https://sunnah.com/muslim:7342
Sahih Muslim,muslim,7343,The Book of Tribulations and Portents of the Last Hour,No,No,https://sunnah.com/muslim:7343
Sahih Muslim,muslim,7371,The Book of Tribulations and Portents of the Last Hour,No,No,https://sunnah.com/muslim:7371
Sahih Muslim,muslim,7401,The Book of Tribulations and Portents of the Last Hour,Yes,Yes,https://sunnah.com/muslim:7401
Sahih Muslim,muslim,7447,The Book of Zuhd and Softening of Hearts ,No,No,https://sunnah.com/muslim:7447
Sahih Muslim,muslim,7448,The Book of Zuhd and Softening of Hearts ,No,No,https://sunnah.com/muslim:7448
Sahih Muslim,muslim,7449,The Book of Zuhd and Softening of Hearts ,No,No,https://sunnah.com/muslim:7449
Sahih Muslim,muslim,7450,The Book of Zuhd and Softening of Hearts ,No,No,https://sunnah.com/muslim:7450
Sahih Muslim,muslim,7451,The Book of Zuhd and Softening of Hearts ,No,No,https://sunnah.com/muslim:7451
Sahih Muslim,muslim,7452,The Book of Zuhd and Softening of Hearts ,No,No,https://sunnah.com/muslim:7452
Sahih Muslim,muslim,7453,The Book of Zuhd and Softening of Hearts ,No,No,https://sunnah.com/muslim:7453
Sahih Muslim,muslim,7454,The Book of Zuhd and Softening of Hearts ,No,No,https://sunnah.com/muslim:7454
Sahih Muslim,muslim,7455,The Book of Zuhd and Softening of Hearts ,No,No,https://sunnah.com/muslim:7455
Sahih Muslim,muslim,7456,The Book of Zuhd and Softening of Hearts ,No,No,https://sunnah.com/muslim:7456
Sahih Muslim,muslim,7457,The Book of Zuhd and Softening of Hearts ,No,No,https://sunnah.com/muslim:7457
Sahih Muslim,muslim,7458,The Book of Zuhd and Softening of Hearts ,No,No,https://sunnah.com/muslim:7458
Sahih Muslim,muslim,7459,The Book of Zuhd and Softening of Hearts ,No,No,https://sunnah.com/muslim:7459
Sahih Muslim,muslim,7460,The Book of Zuhd and Softening of Hearts ,No,No,https://sunnah.com/muslim:7460
Sahih Muslim,muslim,7461,The Book of Zuhd and Softening of Hearts ,No,No,https://sunnah.com/muslim:7461
Sahih Muslim,muslim,7462,The Book of Zuhd and Softening of Hearts ,No,No,https://sunnah.com/muslim:7462
Sahih Muslim,muslim,7463,The Book of Zuhd and Softening of Hearts ,No,No,https://sunnah.com/muslim:7463
Sahih Muslim,muslim,7513,The Book of Zuhd and Softening of Hearts ,No,No,https://sunnah.com/muslim:7513
Sahih Muslim,muslim,7514,The Book of Zuhd and Softening of Hearts ,No,No,https://sunnah.com/muslim:7514
Sahih Muslim,muslim,7515,The Book of Zuhd and Softening of Hearts ,No,No,https://sunnah.com/muslim:7515
Sahih Muslim,muslim,7516,The Book of Zuhd and Softening of Hearts ,No,No,https://sunnah.com/muslim:7516
Sahih Muslim,muslim,7517,The Book of Zuhd and Softening of Hearts ,No,No,https://sunnah.com/muslim:7517
Sahih Muslim,muslim,7518,The Book of Zuhd and Softening of Hearts ,No,No,https://sunnah.com/muslim:7518
Sahih Muslim,muslim,7519,The Book of Zuhd and Softening of Hearts ,No,No,https://sunnah.com/muslim:7519
Sahih Muslim,muslim,7520,The Book of Zuhd and Softening of Hearts ,No,No,https://sunnah.com/muslim:7520
Sahih Muslim,muslim,7557,The Book of Commentary on the Qur'an,No,No,https://sunnah.com/muslim:7557
Jami' at-Tirmidhi,tirmidhi,391,The Book on Salat (Prayer),No,No,https://sunnah.com/tirmidhi:391
Jami' at-Tirmidhi,tirmidhi,455,The Book on Al-Witr,No,No,https://sunnah.com/tirmidhi:455
Jami' at-Tirmidhi,tirmidhi,457,The Book on Al-Witr,No,No,https://sunnah.com/tirmidhi:457
Jami' at-Tirmidhi,tirmidhi,458,The Book on Al-Witr,No,No,https://sunnah.com/tirmidhi:458
Jami' at-Tirmidhi,tirmidhi,945,The Book on Hajj,No,No,https://sunnah.com/tirmidhi:945
Jami' at-Tirmidhi,tirmidhi,1205,The Book on Business,No,No,https://sunnah.com/tirmidhi:1205
Jami' at-Tirmidhi,tirmidhi,1208,The Book on Business,No,No,https://sunnah.com/tirmidhi:1208
Jami' at-Tirmidhi,tirmidhi,1209,The Book on Business,No,No,https://sunnah.com/tirmidhi:1209
Jami' at-Tirmidhi,tirmidhi,1225,The Book on Business,No,No,https://sunnah.com/tirmidhi:1225
Jami' at-Tirmidhi,tirmidhi,1255,The Book on Business,No,No,https://sunnah.com/tirmidhi:1255
Jami' at-Tirmidhi,tirmidhi,1258,The Book on Business,No,No,https://sunnah.com/tirmidhi:1258
Jami' at-Tirmidhi,tirmidhi,1301,The Book on Business,No,No,https://sunnah.com/tirmidhi:1301
Jami' at-Tirmidhi,tirmidhi,1317,The Book on Business,No,No,https://sunnah.com/tirmidhi:1317
Jami' at-Tirmidhi,tirmidhi,1322,The Chapters On Judgements From The Messenger of Allah,No,No,https://sunnah.com/tirmidhi:1322
Jami' at-Tirmidhi,tirmidhi,1365,The Chapters On Judgements From The Messenger of Allah,No,No,https://sunnah.com/tirmidhi:1365
Jami' at-Tirmidhi,tirmidhi,1395,The Book on Blood Money,No,No,https://sunnah.com/tirmidhi:1395
Jami' at-Tirmidhi,tirmidhi,1420,The Book on Blood Money,No,No,https://sunnah.com/tirmidhi:1420
Jami' at-Tirmidhi,tirmidhi,1438,The Book on Legal Punishments (Al-Hudud),No,No,https://sunnah.com/tirmidhi:1438
Jami' at-Tirmidhi,tirmidhi,1465,The Book on Hunting,No,No,https://sunnah.com/tirmidhi:1465
Jami' at-Tirmidhi,tirmidhi,1471,The Book on Hunting,No,No,https://sunnah.com/tirmidhi:1471
Jami' at-Tirmidhi,tirmidhi,1477,The Book on Hunting,No,No,https://sunnah.com/tirmidhi:1477
Jami' at-Tirmidhi,tirmidhi,1480,The Book on Hunting,No,No,https://sunnah.com/tirmidhi:1480
Jami' at-Tirmidhi,tirmidhi,1484,The Book on Hunting,No,No,https://sunnah.com/tirmidhi:1484
Jami' at-Tirmidhi,tirmidhi,1491,The Book on Hunting,No,No,https://sunnah.com/tirmidhi:1491
Jami' at-Tirmidhi,tirmidhi,1492,The Book on Hunting,No,No,https://sunnah.com/tirmidhi:1492
Jami' at-Tirmidhi,tirmidhi,1497,The Book on Sacrifices,No,No,https://sunnah.com/tirmidhi:1497
Jami' at-Tirmidhi,tirmidhi,1498,The Book on Sacrifices,No,No,https://sunnah.com/tirmidhi:1498
Jami' at-Tirmidhi,tirmidhi,1500,The Book on Sacrifices,No,No,https://sunnah.com/tirmidhi:1500
Jami' at-Tirmidhi,tirmidhi,1515,The Book on Sacrifices,No,No,https://sunnah.com/tirmidhi:1515
Jami' at-Tirmidhi,tirmidhi,1522,The Book on Sacrifices,No,No,https://sunnah.com/tirmidhi:1522
Jami' at-Tirmidhi,tirmidhi,1526,The Book on Vows and Oaths,No,No,https://sunnah.com/tirmidhi:1526
Jami' at-Tirmidhi,tirmidhi,1537,The Book on Vows and Oaths,No,No,https://sunnah.com/tirmidhi:1537
Jami' at-Tirmidhi,tirmidhi,1553,The Book on Military Expeditions,No,No,https://sunnah.com/tirmidhi:1553
Jami' at-Tirmidhi,tirmidhi,1554,The Book on Military Expeditions,No,No,https://sunnah.com/tirmidhi:1554
Jami' at-Tirmidhi,tirmidhi,1558,The Book on Military Expeditions,No,No,https://sunnah.com/tirmidhi:1558
Jami' at-Tirmidhi,tirmidhi,1560,The Book on Military Expeditions,No,No,https://sunnah.com/tirmidhi:1560
Jami' at-Tirmidhi,tirmidhi,1561,The Book on Military Expeditions,No,No,https://sunnah.com/tirmidhi:1561
Jami' at-Tirmidhi,tirmidhi,1562,The Book on Military Expeditions,No,No,https://sunnah.com/tirmidhi:1562
Jami' at-Tirmidhi,tirmidhi,1565,The Book on Military Expeditions,No,No,https://sunnah.com/tirmidhi:1565
Jami' at-Tirmidhi,tirmidhi,1579,The Book on Military Expeditions,No,No,https://sunnah.com/tirmidhi:1579
Jami' at-Tirmidhi,tirmidhi,1599,The Book on Military Expeditions,No,No,https://sunnah.com/tirmidhi:1599
Jami' at-Tirmidhi,tirmidhi,1617,The Book on Military Expeditions,No,No,https://sunnah.com/tirmidhi:1617
Jami' at-Tirmidhi,tirmidhi,1618,The Book on Military Expeditions,No,No,https://sunnah.com/tirmidhi:1618
Jami' at-Tirmidhi,tirmidhi,1637,The Book on Virtues of Jihad,No,No,https://sunnah.com/tirmidhi:1637
Jami' at-Tirmidhi,tirmidhi,1705,The Book on Jihad,No,No,https://sunnah.com/tirmidhi:1705
Jami' at-Tirmidhi,tirmidhi,1709,The Book on Jihad,No,No,https://sunnah.com/tirmidhi:1709
Jami' at-Tirmidhi,tirmidhi,1711,The Book on Jihad,No,No,https://sunnah.com/tirmidhi:1711
Jami' at-Tirmidhi,tirmidhi,1756,The Book on Clothing,No,No,https://sunnah.com/tirmidhi:1756
Jami' at-Tirmidhi,tirmidhi,1757,The Book on Clothing,No,No,https://sunnah.com/tirmidhi:1757
Jami' at-Tirmidhi,tirmidhi,1767,The Book on Clothing,No,No,https://sunnah.com/tirmidhi:1767
Jami' at-Tirmidhi,tirmidhi,1770,The Book on Clothing,No,No,https://sunnah.com/tirmidhi:1770
Jami' at-Tirmidhi,tirmidhi,1781,The Book on Clothing,No,No,https://sunnah.com/tirmidhi:1781
Jami' at-Tirmidhi,tirmidhi,1794,The Book on Food,No,No,https://sunnah.com/tirmidhi:1794
Jami' at-Tirmidhi,tirmidhi,1820,The Book on Food,No,No,https://sunnah.com/tirmidhi:1820
Jami' at-Tirmidhi,tirmidhi,1825,The Book on Food,No,No,https://sunnah.com/tirmidhi:1825
Jami' at-Tirmidhi,tirmidhi,1851,The Book on Food,No,No,https://sunnah.com/tirmidhi:1851
Jami' at-Tirmidhi,tirmidhi,1858,The Book on Food,No,No,https://sunnah.com/tirmidhi:1858
Jami' at-Tirmidhi,tirmidhi,1884,The Book on Drinks,No,No,https://sunnah.com/tirmidhi:1884
Jami' at-Tirmidhi,tirmidhi,2089,Chapters on Medicine,No,No,https://sunnah.com/tirmidhi:2089
Jami' at-Tirmidhi,tirmidhi,2129,Chapters On Wala' And Gifts,No,No,https://sunnah.com/tirmidhi:2129
Jami' at-Tirmidhi,tirmidhi,2392,Chapters On Zuhd,No,No,https://sunnah.com/tirmidhi:2392
Jami' at-Tirmidhi,tirmidhi,2743,The Book on the Description of Hellfire,Yes,Yes,https://sunnah.com/tirmidhi:2743
Jami' at-Tirmidhi,tirmidhi,2787,The Book on the Description of Hellfire,Yes,No,https://sunnah.com/tirmidhi:2787
Jami' at-Tirmidhi,tirmidhi,2855,Chapters on Manners,Yes,No,https://sunnah.com/tirmidhi:2855
Jami' at-Tirmidhi,tirmidhi,3011,Chapters on Tafsir,No,No,https://sunnah.com/tirmidhi:3011
Jami' at-Tirmidhi,tirmidhi,3015,Chapters on Tafsir,No,No,https://sunnah.com/tirmidhi:3015
Jami' at-Tirmidhi,tirmidhi,3367,Chapters on Tafsir,No,No,https://sunnah.com/tirmidhi:3367
Jami' at-Tirmidhi,tirmidhi,3368,Chapters on Tafsir,No,No,https://sunnah.com/tirmidhi:3368
Jami' at-Tirmidhi,tirmidhi,3717,Chapters on Tafsir,No,No,https://sunnah.com/tirmidhi:3717
Jami' at-Tirmidhi,tirmidhi,3758,Chapters on Virtues,No,No,https://sunnah.com/tirmidhi:3758
Jami' at-Tirmidhi,tirmidhi,3759,Chapters on Virtues,No,No,https://sunnah.com/tirmidhi:3759
Jami' at-Tirmidhi,tirmidhi,3799,Chapters on Virtues,No,No,https://sunnah.com/tirmidhi:3799
