slug,book,n,chapter,reference_url,en_prefix,ar_prefix,reference_book,reference_hadith
abudawud,Sunan Abu Dawood,123,Purification (Kitab Al-Taharah),https://sunnah.com/abudawud:123,Another version says:He wiped his ears inside and outside. Hisham adds: He inserted his fingers in the ear-holes,حَدَّثَنَا مَحْمُودُ بْنُ خَالِدٍ، وَهِشَامُ بْنُ خَالِدٍ، - الْمَعْنَى - قَالاَ حَدَّثَنَا الْوَلِيدُ، بِهَذَا الإِسْنَ,1,123
abudawud,Sunan Abu Dawood,907,Prayer (Kitab Al-Salat),https://sunnah.com/abudawud:907,,,2,517
abudawud,Sunan Abu Dawood,1598,Zakat (Kitab Al-Zakat),https://sunnah.com/abudawud:1598,"Waki’ said Ba’l means the agricultural crop which grows by the rain water. Ibn Al Aswad said and Yahya, that is, Ibn Adam said I asked Abu Iyas al Asadi (about ",حَدَّثَنَا الْهَيْثَمُ بْنُ خَالِدٍ الْجُهَنِيُّ، وَحُسَيْنُ بْنُ الأَسْوَدِ الْعِجْلِيُّ، قَالاَ قَالَ وَكِيعٌ الْبَعْل,9,43
abudawud,Sunan Abu Dawood,4290,The Promised Deliverer (Kitab Al-Mahdi),https://sunnah.com/abudawud:4290,,,38,12
bukhari,Sahih Bukhari,239,Ablutions (Wudu'),https://sunnah.com/bukhari:239,"The same narrator said that the Prophet (ﷺ) had said: ""You should not pass urine in stagnant water which is not flowing then (you may need to) wash in it","وَبِإِسْنَادِهِ قَالَ ‏ ""‏ لاَ يَبُولَنَّ أَحَدُكُمْ فِي الْمَاءِ الدَّائِمِ الَّذِي لاَ يَجْرِي، ثُمَّ يَغْتَسِلُ فِيهِ",4,105
bukhari,Sahih Bukhari,486,Prayers (Salat),https://sunnah.com/bukhari:486,See translation for hadith 484 above,وَأَنَّ ابْنَ عُمَرَ كَانَ يُصَلِّي إِلَى الْعِرْقِ الَّذِي عِنْدَ مُنْصَرَفِ الرَّوْحَاءِ، وَذَلِكَ الْعِرْقُ انْتِهَاء,8,133
bukhari,Sahih Bukhari,804,Call to Prayers (Adhaan),https://sunnah.com/bukhari:804,"And Abu Huraira said, ""When Allah's Messenger (ﷺ) raised his head from (bowing) he used to say ""Sami`a l-lahu liman hamidah, Rabbana wa laka l-hamd."" He Would i",قَالاَ وَقَالَ أَبُو هُرَيْرَةَ ـ رضى الله عنه ـ وَكَانَ رَسُولُ اللَّهِ صلى الله عليه وسلم حِينَ يَرْفَعُ رَأْسَهُ يَقُ,10,199
bukhari,Sahih Bukhari,1848,Penalty of Hunting while on Pilgrimage,https://sunnah.com/bukhari:1848,"A man bit the hand of another man but in that process the latter broke one incisor tooth of the former, and the Prophet (ﷺ) forgave the latter",وَعَضَّ رَجُلٌ يَدَ رَجُلٍ ـ يَعْنِي فَانْتَزَعَ ثَنِيَّتَهُ ـ فَأَبْطَلَهُ النَّبِيُّ صلى الله عليه وسلم‏.‏,28,28
bukhari,Sahih Bukhari,5337,Divorce,https://sunnah.com/bukhari:5337,"I (Humaid) said to Zainab, ""What does 'throwing a globe of dung when one year had elapsed' mean?"" Zainab said, ""When a lady was bereaved of her husband, she wou",قَالَ حُمَيْدٌ فَقُلْتُ لِزَيْنَبَ وَمَا تَرْمِي بِالْبَعَرَةِ عَلَى رَأْسِ الْحَوْلِ فَقَالَتْ زَيْنَبُ كَانَتِ الْمَرْ,68,82
bukhari,Sahih Bukhari,5710,Medicine,https://sunnah.com/bukhari:5710,,,0,0
bukhari,Sahih Bukhari,5711,Medicine,https://sunnah.com/bukhari:5711,,,0,0
bukhari,Sahih Bukhari,5712,Medicine,https://sunnah.com/bukhari:5712,,,76,29
bukhari,Sahih Bukhari,5774,Medicine,https://sunnah.com/bukhari:5774,,,0,0
bukhari,Sahih Bukhari,5775,Medicine,https://sunnah.com/bukhari:5775,,,76,87
bukhari,Sahih Bukhari,5956,Dress,https://sunnah.com/bukhari:5956,Aisha added:The Prophet (ﷺ) and I used to take a bath from one container (of water),وَكُنْتُ أَغْتَسِلُ أَنَا وَالنَّبِيُّ، صلى الله عليه وسلم مِنْ إِنَاءٍ وَاحِدٍ‏.‏,77,172
bukhari,Sahih Bukhari,6074,Good Manners and Form (Al-Adab),https://sunnah.com/bukhari:6074,,,0,0
bukhari,Sahih Bukhari,6075,Good Manners and Form (Al-Adab),https://sunnah.com/bukhari:6075,,,78,103
bukhari,Sahih Bukhari,6174,Good Manners and Form (Al-Adab),https://sunnah.com/bukhari:6174,,,0,0
bukhari,Sahih Bukhari,6175,Good Manners and Form (Al-Adab),https://sunnah.com/bukhari:6175,,,78,199
bukhari,Sahih Bukhari,6625,Oaths and Vows,https://sunnah.com/bukhari:6625,"Allah's Messenger (ﷺ) also said:""By Allah, if anyone of you insists on fulfilling an oath by which he may harm his family, he commits a greater sin in Allah's s","فَقَالَ رَسُولُ اللَّهِ صلى الله عليه وسلم ‏ ""‏ وَاللَّهِ لأَنْ يَلِجَّ أَحَدُكُمْ بِيَمِينِهِ فِي أَهْلِهِ آثَمُ لَهُ ع",83,5
muslim,Sahih Muslim,1,Introduction,https://sunnah.com/muslim:1,,,0,1
muslim,Sahih Muslim,2,Introduction,https://sunnah.com/muslim:2,,,0,2
muslim,Sahih Muslim,5,Introduction,https://sunnah.com/muslim:5,,,0,5
muslim,Sahih Muslim,6,Introduction,https://sunnah.com/muslim:6,,,0,6
muslim,Sahih Muslim,7,Introduction,https://sunnah.com/muslim:7,,,0,7
muslim,Sahih Muslim,8,Introduction,https://sunnah.com/muslim:8,,,0,8
muslim,Sahih Muslim,9,Introduction,https://sunnah.com/muslim:9,,,0,9
muslim,Sahih Muslim,10,Introduction,https://sunnah.com/muslim:10,,,0,10
muslim,Sahih Muslim,11,Introduction,https://sunnah.com/muslim:11,,,0,11
muslim,Sahih Muslim,12,Introduction,https://sunnah.com/muslim:12,,,0,12
muslim,Sahih Muslim,13,Introduction,https://sunnah.com/muslim:13,,,0,13
muslim,Sahih Muslim,14,Introduction,https://sunnah.com/muslim:14,,,0,14
muslim,Sahih Muslim,16,Introduction,https://sunnah.com/muslim:16,,,0,16
muslim,Sahih Muslim,17,Introduction,https://sunnah.com/muslim:17,,,0,17
muslim,Sahih Muslim,18,Introduction,https://sunnah.com/muslim:18,,,0,18
muslim,Sahih Muslim,19,Introduction,https://sunnah.com/muslim:19,,,0,19
muslim,Sahih Muslim,20,Introduction,https://sunnah.com/muslim:20,,,0,20
muslim,Sahih Muslim,21,Introduction,https://sunnah.com/muslim:21,,,0,21
muslim,Sahih Muslim,22,Introduction,https://sunnah.com/muslim:22,,,0,22
muslim,Sahih Muslim,23,Introduction,https://sunnah.com/muslim:23,,,0,23
muslim,Sahih Muslim,24,Introduction,https://sunnah.com/muslim:24,,,0,24
muslim,Sahih Muslim,25,Introduction,https://sunnah.com/muslim:25,,,0,25
muslim,Sahih Muslim,26,Introduction,https://sunnah.com/muslim:26,,,0,26
muslim,Sahih Muslim,27,Introduction,https://sunnah.com/muslim:27,,,0,27
muslim,Sahih Muslim,28,Introduction,https://sunnah.com/muslim:28,,,0,28
muslim,Sahih Muslim,29,Introduction,https://sunnah.com/muslim:29,,,0,29
muslim,Sahih Muslim,30,Introduction,https://sunnah.com/muslim:30,,,0,30
muslim,Sahih Muslim,31,Introduction,https://sunnah.com/muslim:31,,,0,31
muslim,Sahih Muslim,32,Introduction,https://sunnah.com/muslim:32,,,0,32
muslim,Sahih Muslim,33,Introduction,https://sunnah.com/muslim:33,,,0,33
muslim,Sahih Muslim,34,Introduction,https://sunnah.com/muslim:34,,,0,34
muslim,Sahih Muslim,35,Introduction,https://sunnah.com/muslim:35,,,0,35
muslim,Sahih Muslim,36,Introduction,https://sunnah.com/muslim:36,,,0,36
muslim,Sahih Muslim,37,Introduction,https://sunnah.com/muslim:37,,,0,37
muslim,Sahih Muslim,38,Introduction,https://sunnah.com/muslim:38,,,0,38
muslim,Sahih Muslim,39,Introduction,https://sunnah.com/muslim:39,,,0,39
muslim,Sahih Muslim,40,Introduction,https://sunnah.com/muslim:40,,,0,40
muslim,Sahih Muslim,41,Introduction,https://sunnah.com/muslim:41,,,0,41
muslim,Sahih Muslim,42,Introduction,https://sunnah.com/muslim:42,,,0,42
muslim,Sahih Muslim,43,Introduction,https://sunnah.com/muslim:43,,,0,43
muslim,Sahih Muslim,44,Introduction,https://sunnah.com/muslim:44,,,0,44
muslim,Sahih Muslim,45,Introduction,https://sunnah.com/muslim:45,,,0,45
muslim,Sahih Muslim,46,Introduction,https://sunnah.com/muslim:46,,,0,46
muslim,Sahih Muslim,47,Introduction,https://sunnah.com/muslim:47,,,0,47
muslim,Sahih Muslim,48,Introduction,https://sunnah.com/muslim:48,,,0,48
muslim,Sahih Muslim,49,Introduction,https://sunnah.com/muslim:49,,,0,49
muslim,Sahih Muslim,50,Introduction,https://sunnah.com/muslim:50,,,0,50
muslim,Sahih Muslim,51,Introduction,https://sunnah.com/muslim:51,,,0,51
muslim,Sahih Muslim,52,Introduction,https://sunnah.com/muslim:52,,,0,52
muslim,Sahih Muslim,53,Introduction,https://sunnah.com/muslim:53,,,0,53
muslim,Sahih Muslim,54,Introduction,https://sunnah.com/muslim:54,,,0,54
muslim,Sahih Muslim,55,Introduction,https://sunnah.com/muslim:55,,,0,55
muslim,Sahih Muslim,56,Introduction,https://sunnah.com/muslim:56,,,0,56
muslim,Sahih Muslim,57,Introduction,https://sunnah.com/muslim:57,,,0,57
muslim,Sahih Muslim,58,Introduction,https://sunnah.com/muslim:58,,,0,58
muslim,Sahih Muslim,59,Introduction,https://sunnah.com/muslim:59,,,0,59
muslim,Sahih Muslim,60,Introduction,https://sunnah.com/muslim:60,,,0,60
muslim,Sahih Muslim,61,Introduction,https://sunnah.com/muslim:61,,,0,61
muslim,Sahih Muslim,62,Introduction,https://sunnah.com/muslim:62,,,0,62
muslim,Sahih Muslim,63,Introduction,https://sunnah.com/muslim:63,,,0,63
muslim,Sahih Muslim,64,Introduction,https://sunnah.com/muslim:64,,,0,64
muslim,Sahih Muslim,65,Introduction,https://sunnah.com/muslim:65,,,0,65
muslim,Sahih Muslim,66,Introduction,https://sunnah.com/muslim:66,,,0,66
muslim,Sahih Muslim,67,Introduction,https://sunnah.com/muslim:67,,,0,67
muslim,Sahih Muslim,68,Introduction,https://sunnah.com/muslim:68,,,0,68
muslim,Sahih Muslim,69,Introduction,https://sunnah.com/muslim:69,,,0,69
muslim,Sahih Muslim,70,Introduction,https://sunnah.com/muslim:70,,,0,70
muslim,Sahih Muslim,71,Introduction,https://sunnah.com/muslim:71,,,0,71
muslim,Sahih Muslim,72,Introduction,https://sunnah.com/muslim:72,,,0,72
muslim,Sahih Muslim,73,Introduction,https://sunnah.com/muslim:73,,,0,73
muslim,Sahih Muslim,74,Introduction,https://sunnah.com/muslim:74,,,0,74
muslim,Sahih Muslim,75,Introduction,https://sunnah.com/muslim:75,,,0,75
muslim,Sahih Muslim,76,Introduction,https://sunnah.com/muslim:76,,,0,76
muslim,Sahih Muslim,77,Introduction,https://sunnah.com/muslim:77,,,0,77
muslim,Sahih Muslim,78,Introduction,https://sunnah.com/muslim:78,,,0,78
muslim,Sahih Muslim,79,Introduction,https://sunnah.com/muslim:79,,,0,79
muslim,Sahih Muslim,80,Introduction,https://sunnah.com/muslim:80,,,0,80
muslim,Sahih Muslim,81,Introduction,https://sunnah.com/muslim:81,,,0,81
muslim,Sahih Muslim,82,Introduction,https://sunnah.com/muslim:82,,,0,82
muslim,Sahih Muslim,83,Introduction,https://sunnah.com/muslim:83,,,0,83
muslim,Sahih Muslim,84,Introduction,https://sunnah.com/muslim:84,,,0,84
muslim,Sahih Muslim,85,Introduction,https://sunnah.com/muslim:85,,,0,85
muslim,Sahih Muslim,86,Introduction,https://sunnah.com/muslim:86,,,0,86
muslim,Sahih Muslim,87,Introduction,https://sunnah.com/muslim:87,,,0,87
muslim,Sahih Muslim,88,Introduction,https://sunnah.com/muslim:88,,,0,88
muslim,Sahih Muslim,89,Introduction,https://sunnah.com/muslim:89,,,0,89
muslim,Sahih Muslim,90,Introduction,https://sunnah.com/muslim:90,,,0,90
muslim,Sahih Muslim,91,Introduction,https://sunnah.com/muslim:91,,,0,91
muslim,Sahih Muslim,92,Introduction,https://sunnah.com/muslim:92,,,0,92
muslim,Sahih Muslim,128,The Book of Faith,https://sunnah.com/muslim:128,,,0,0
muslim,Sahih Muslim,209,The Book of Faith,https://sunnah.com/muslim:209,,,0,0
muslim,Sahih Muslim,248,The Book of Faith,https://sunnah.com/muslim:248,,,0,0
muslim,Sahih Muslim,384,The Book of Faith,https://sunnah.com/muslim:384,,,43,200
muslim,Sahih Muslim,388,The Book of Faith,https://sunnah.com/muslim:388,,,16,101
muslim,Sahih Muslim,637,The Book of Purification,https://sunnah.com/muslim:637,,,0,0
muslim,Sahih Muslim,638,The Book of Purification,https://sunnah.com/muslim:638,,,0,0
muslim,Sahih Muslim,794,The Book of Menstruation,https://sunnah.com/muslim:794,,,0,0
muslim,Sahih Muslim,852,The Book of Prayers ,https://sunnah.com/muslim:852,,,0,0
muslim,Sahih Muslim,853,The Book of Prayers ,https://sunnah.com/muslim:853,,,0,0
muslim,Sahih Muslim,881,The Book of Prayers ,https://sunnah.com/muslim:881,,,0,0
muslim,Sahih Muslim,1221,The Book of Mosques and Places of Prayer,https://sunnah.com/muslim:1221,,,0,0
muslim,Sahih Muslim,1222,The Book of Mosques and Places of Prayer,https://sunnah.com/muslim:1222,,,0,0
muslim,Sahih Muslim,1251,The Book of Mosques and Places of Prayer,https://sunnah.com/muslim:1251,,,0,0
muslim,Sahih Muslim,1332,The Book of Mosques and Places of Prayer,https://sunnah.com/muslim:1332,,,0,0
muslim,Sahih Muslim,1351,The Book of Mosques and Places of Prayer,https://sunnah.com/muslim:1351,,,0,0
muslim,Sahih Muslim,1355,The Book of Mosques and Places of Prayer,https://sunnah.com/muslim:1355,,,0,0
muslim,Sahih Muslim,1366,The Book of Mosques and Places of Prayer,https://sunnah.com/muslim:1366,,,0,0
muslim,Sahih Muslim,1428,The Book of Mosques and Places of Prayer,https://sunnah.com/muslim:1428,,,0,0
muslim,Sahih Muslim,1429,The Book of Mosques and Places of Prayer,https://sunnah.com/muslim:1429,,,0,0
muslim,Sahih Muslim,1648,The Book of Prayer - Travellers,https://sunnah.com/muslim:1648,,,0,0
muslim,Sahih Muslim,1719,The Book of Prayer - Travellers,https://sunnah.com/muslim:1719,,,0,0
muslim,Sahih Muslim,1778,The Book of Prayer - Travellers,https://sunnah.com/muslim:1778,,,0,0
muslim,Sahih Muslim,2295,The Book of Zakat,https://sunnah.com/muslim:2295,,,0,0
muslim,Sahih Muslim,2339,The Book of Zakat,https://sunnah.com/muslim:2339,,,0,0
muslim,Sahih Muslim,2381,The Book of Zakat,https://sunnah.com/muslim:2381,,,0,0
muslim,Sahih Muslim,2810,The Book of Pilgrimage,https://sunnah.com/muslim:2810,,,0,0
muslim,Sahih Muslim,3038,The Book of Pilgrimage,https://sunnah.com/muslim:3038,,,0,0
muslim,Sahih Muslim,3039,The Book of Pilgrimage,https://sunnah.com/muslim:3039,,,0,0
muslim,Sahih Muslim,3262,The Book of Pilgrimage,https://sunnah.com/muslim:3262,,,0,0
muslim,Sahih Muslim,3463,The Book of Marriage,https://sunnah.com/muslim:3463,,,0,0
muslim,Sahih Muslim,3525,The Book of Marriage,https://sunnah.com/muslim:3525,,,0,0
muslim,Sahih Muslim,3836,The Book of Transactions,https://sunnah.com/muslim:3836,,,0,0
muslim,Sahih Muslim,3845,The Book of Transactions,https://sunnah.com/muslim:3845,,,0,0
muslim,Sahih Muslim,3846,The Book of Transactions,https://sunnah.com/muslim:3846,,,21,42
muslim,Sahih Muslim,4436,The Book of Legal Punishments,https://sunnah.com/muslim:4436,,,0,0
muslim,Sahih Muslim,5114,The Book of Sacrifices,https://sunnah.com/muslim:5114,,,36,81
muslim,Sahih Muslim,5115,The Book of Sacrifices,https://sunnah.com/muslim:5115,,,36,82
muslim,Sahih Muslim,5214,The Book of Drinks,https://sunnah.com/muslim:5214,,,0,0
muslim,Sahih Muslim,5384,The Book of Virtues,https://sunnah.com/muslim:5384,,,0,0
muslim,Sahih Muslim,5393,The Book of Clothes and Adornment,https://sunnah.com/muslim:5393,,,0,0
muslim,Sahih Muslim,5541,The Book of Clothes and Adornment,https://sunnah.com/muslim:5541,,,0,0
muslim,Sahih Muslim,5542,The Book of Clothes and Adornment,https://sunnah.com/muslim:5542,,,0,0
muslim,Sahih Muslim,5543,The Book of Clothes and Adornment,https://sunnah.com/muslim:5543,,,0,0
muslim,Sahih Muslim,5544,The Book of Clothes and Adornment,https://sunnah.com/muslim:5544,,,0,0
muslim,Sahih Muslim,5545,The Book of Clothes and Adornment,https://sunnah.com/muslim:5545,,,0,0
muslim,Sahih Muslim,5637,The Book of Manners and Etiquette,https://sunnah.com/muslim:5637,,,0,0
muslim,Sahih Muslim,5995,The Book of Virtues,https://sunnah.com/muslim:5995,,,0,0
muslim,Sahih Muslim,5996,The Book of Virtues,https://sunnah.com/muslim:5996,,,0,0
muslim,Sahih Muslim,5997,The Book of Virtues,https://sunnah.com/muslim:5997,,,0,0
muslim,Sahih Muslim,5998,The Book of Virtues,https://sunnah.com/muslim:5998,,,0,0
muslim,Sahih Muslim,5999,The Book of Virtues,https://sunnah.com/muslim:5999,,,0,0
muslim,Sahih Muslim,6000,The Book of Virtues,https://sunnah.com/muslim:6000,,,0,0
muslim,Sahih Muslim,6001,The Book of Virtues,https://sunnah.com/muslim:6001,,,0,0
muslim,Sahih Muslim,6002,The Book of Virtues,https://sunnah.com/muslim:6002,,,0,0
muslim,Sahih Muslim,6003,The Book of Virtues,https://sunnah.com/muslim:6003,,,0,0
muslim,Sahih Muslim,6144,The Book of Virtues,https://sunnah.com/muslim:6144,,,0,0
muslim,Sahih Muslim,6527,"The Book of Virtue, Enjoining Good Manners, and Joining of the Ties of Kinship",https://sunnah.com/muslim:6527,,,0,0
muslim,Sahih Muslim,6528,"The Book of Virtue, Enjoining Good Manners, and Joining of the Ties of Kinship",https://sunnah.com/muslim:6528,,,0,0
muslim,Sahih Muslim,6529,"The Book of Virtue, Enjoining Good Manners, and Joining of the Ties of Kinship",https://sunnah.com/muslim:6529,,,0,0
muslim,Sahih Muslim,6574,"The Book of Virtue, Enjoining Good Manners, and Joining of the Ties of Kinship",https://sunnah.com/muslim:6574,"This hadith is also transmitted through Ibna Bashr and Muhammad bin Muhammad through Abu Mashur through the same chain, narrated to its (full) extent",قَالَ أَبُو إِسْحَاقَ حَدَّثَنَا بِهَذَا الْحَدِيثِ الْحَسَنُ، وَالْحُسَيْنُ، ابْنَا بِشْرٍ وَمُحَمَّدُ بْنُ يَحْيَى قَا,45,72
muslim,Sahih Muslim,6701,"The Book of Virtue, Enjoining Good Manners, and Joining of the Ties of Kinship",https://sunnah.com/muslim:6701,,,0,0
muslim,Sahih Muslim,6702,"The Book of Virtue, Enjoining Good Manners, and Joining of the Ties of Kinship",https://sunnah.com/muslim:6702,,,0,0
muslim,Sahih Muslim,6792,The Book of Knowledge,https://sunnah.com/muslim:6792,,,0,0
muslim,Sahih Muslim,6844,"The Book Pertaining to the Remembrance of Allah, Supplication, Repentance and Seeking Forgiveness ",https://sunnah.com/muslim:6844,,,0,0
muslim,Sahih Muslim,6845,"The Book Pertaining to the Remembrance of Allah, Supplication, Repentance and Seeking Forgiveness ",https://sunnah.com/muslim:6845,,,0,0
muslim,Sahih Muslim,7016,The Book of Repentance,https://sunnah.com/muslim:7016,,,0,0
muslim,Sahih Muslim,7020,The Book of Repentance,https://sunnah.com/muslim:7020,,,0,0
muslim,Sahih Muslim,7144,"The Book of Paradise, its Description, its Bounties and its Inhabitants",https://sunnah.com/muslim:7144,,,0,0
muslim,Sahih Muslim,7256,The Book of Tribulations and Portents of the Last Hour,https://sunnah.com/muslim:7256,,,0,0
muslim,Sahih Muslim,7301,The Book of Tribulations and Portents of the Last Hour,https://sunnah.com/muslim:7301,,,0,0
muslim,Sahih Muslim,7317,The Book of Tribulations and Portents of the Last Hour,https://sunnah.com/muslim:7317,,,54,84
muslim,Sahih Muslim,7325,The Book of Tribulations and Portents of the Last Hour,https://sunnah.com/muslim:7325,,,0,0
muslim,Sahih Muslim,7329,The Book of Tribulations and Portents of the Last Hour,https://sunnah.com/muslim:7329,,,0,0
muslim,Sahih Muslim,7330,The Book of Tribulations and Portents of the Last Hour,https://sunnah.com/muslim:7330,,,0,0
muslim,Sahih Muslim,7331,The Book of Tribulations and Portents of the Last Hour,https://sunnah.com/muslim:7331,,,0,0
muslim,Sahih Muslim,7332,The Book of Tribulations and Portents of the Last Hour,https://sunnah.com/muslim:7332,,,0,0
muslim,Sahih Muslim,7333,The Book of Tribulations and Portents of the Last Hour,https://sunnah.com/muslim:7333,,,0,0
muslim,Sahih Muslim,7334,The Book of Tribulations and Portents of the Last Hour,https://sunnah.com/muslim:7334,,,0,0
muslim,Sahih Muslim,7335,The Book of Tribulations and Portents of the Last Hour,https://sunnah.com/muslim:7335,,,0,0
muslim,Sahih Muslim,7336,The Book of Tribulations and Portents of the Last Hour,https://sunnah.com/muslim:7336,,,0,0
muslim,Sahih Muslim,7337,The Book of Tribulations and Portents of the Last Hour,https://sunnah.com/muslim:7337,,,0,0
muslim,Sahih Muslim,7338,The Book of Tribulations and Portents of the Last Hour,https://sunnah.com/muslim:7338,,,0,0
muslim,Sahih Muslim,7339,The Book of Tribulations and Portents of the Last Hour,https://sunnah.com/muslim:7339,,,0,0
muslim,Sahih Muslim,7340,The Book of Tribulations and Portents of the Last Hour,https://sunnah.com/muslim:7340,,,0,0
muslim,Sahih Muslim,7341,The Book of Tribulations and Portents of the Last Hour,https://sunnah.com/muslim:7341,,,0,0
muslim,Sahih Muslim,7342,The Book of Tribulations and Portents of the Last Hour,https://sunnah.com/muslim:7342,,,0,0
muslim,Sahih Muslim,7343,The Book of Tribulations and Portents of the Last Hour,https://sunnah.com/muslim:7343,,,0,0
muslim,Sahih Muslim,7371,The Book of Tribulations and Portents of the Last Hour,https://sunnah.com/muslim:7371,,,0,0
muslim,Sahih Muslim,7401,The Book of Tribulations and Portents of the Last Hour,https://sunnah.com/muslim:7401,The previous hadith is narrated through Abu Kamil from Hammad with the same chain,وَحَدَّثَنِيهِ أَبُو كَامِلٍ، حَدَّثَنَا حَمَّادٌ، بِهَذَا الإِسْنَادِ نَحْوَهُ ‏.‏,54,162
muslim,Sahih Muslim,7447,The Book of Zuhd and Softening of Hearts ,https://sunnah.com/muslim:7447,,,0,0
muslim,Sahih Muslim,7448,The Book of Zuhd and Softening of Hearts ,https://sunnah.com/muslim:7448,,,0,0
muslim,Sahih Muslim,7449,The Book of Zuhd and Softening of Hearts ,https://sunnah.com/muslim:7449,,,0,0
muslim,Sahih Muslim,7450,The Book of Zuhd and Softening of Hearts ,https://sunnah.com/muslim:7450,,,0,0
muslim,Sahih Muslim,7451,The Book of Zuhd and Softening of Hearts ,https://sunnah.com/muslim:7451,,,0,0
muslim,Sahih Muslim,7452,The Book of Zuhd and Softening of Hearts ,https://sunnah.com/muslim:7452,,,0,0
muslim,Sahih Muslim,7453,The Book of Zuhd and Softening of Hearts ,https://sunnah.com/muslim:7453,,,0,0
muslim,Sahih Muslim,7454,The Book of Zuhd and Softening of Hearts ,https://sunnah.com/muslim:7454,,,0,0
muslim,Sahih Muslim,7455,The Book of Zuhd and Softening of Hearts ,https://sunnah.com/muslim:7455,,,0,0
muslim,Sahih Muslim,7456,The Book of Zuhd and Softening of Hearts ,https://sunnah.com/muslim:7456,,,0,0
muslim,Sahih Muslim,7457,The Book of Zuhd and Softening of Hearts ,https://sunnah.com/muslim:7457,,,0,0
muslim,Sahih Muslim,7458,The Book of Zuhd and Softening of Hearts ,https://sunnah.com/muslim:7458,,,0,0
muslim,Sahih Muslim,7459,The Book of Zuhd and Softening of Hearts ,https://sunnah.com/muslim:7459,,,0,0
muslim,Sahih Muslim,7460,The Book of Zuhd and Softening of Hearts ,https://sunnah.com/muslim:7460,,,0,0
muslim,Sahih Muslim,7461,The Book of Zuhd and Softening of Hearts ,https://sunnah.com/muslim:7461,,,0,0
muslim,Sahih Muslim,7462,The Book of Zuhd and Softening of Hearts ,https://sunnah.com/muslim:7462,,,0,0
muslim,Sahih Muslim,7463,The Book of Zuhd and Softening of Hearts ,https://sunnah.com/muslim:7463,,,0,0
muslim,Sahih Muslim,7513,The Book of Zuhd and Softening of Hearts ,https://sunnah.com/muslim:7513,,,0,0
muslim,Sahih Muslim,7514,The Book of Zuhd and Softening of Hearts ,https://sunnah.com/muslim:7514,,,0,0
muslim,Sahih Muslim,7515,The Book of Zuhd and Softening of Hearts ,https://sunnah.com/muslim:7515,,,0,0
muslim,Sahih Muslim,7516,The Book of Zuhd and Softening of Hearts ,https://sunnah.com/muslim:7516,,,0,0
muslim,Sahih Muslim,7517,The Book of Zuhd and Softening of Hearts ,https://sunnah.com/muslim:7517,,,0,0
muslim,Sahih Muslim,7518,The Book of Zuhd and Softening of Hearts ,https://sunnah.com/muslim:7518,,,0,0
muslim,Sahih Muslim,7519,The Book of Zuhd and Softening of Hearts ,https://sunnah.com/muslim:7519,,,0,0
muslim,Sahih Muslim,7520,The Book of Zuhd and Softening of Hearts ,https://sunnah.com/muslim:7520,,,55,94
muslim,Sahih Muslim,7557,The Book of Commentary on the Qur'an,https://sunnah.com/muslim:7557,,,0,0
tirmidhi,Jami' at-Tirmidhi,225,The Book on Salat (Prayer),https://sunnah.com/tirmidhi:225,"Narrator not mentioned:And the Prophet said: ""If the people knew what (reward) is in the call (Adhan) and the first row, and they found no other way to get that","وَقَالَ النَّبِيُّ صلى الله عليه وسلم ‏ ""‏ لَوْ أَنَّ النَّاسَ يَعْلَمُونَ مَا فِي النِّدَاءِ وَالصَّفِّ الأَوَّلِ ثُمَّ",2,77
tirmidhi,Jami' at-Tirmidhi,319,The Book on Salat (Prayer),https://sunnah.com/tirmidhi:319,"It has been related that :the Prophet said: ""Whoever builds a Masjid for (the sake of) Allah, be it small or large, then Allah will build a house for him in Par","وَقَدْ رُوِيَ عَنِ النَّبِيِّ صلى الله عليه وسلم أَنَّهُ قَالَ ‏ ""‏ مَنْ بَنَى لِلَّهِ مَسْجِدًا صَغِيرًا كَانَ أَوْ كَب",2,171
tirmidhi,Jami' at-Tirmidhi,391,The Book on Salat (Prayer),https://sunnah.com/tirmidhi:391,,,2,244
tirmidhi,Jami' at-Tirmidhi,455,The Book on Al-Witr,https://sunnah.com/tirmidhi:455,,,3,4
tirmidhi,Jami' at-Tirmidhi,457,The Book on Al-Witr,https://sunnah.com/tirmidhi:457,,,3,4
tirmidhi,Jami' at-Tirmidhi,458,The Book on Al-Witr,https://sunnah.com/tirmidhi:458,,,3,6
tirmidhi,Jami' at-Tirmidhi,945,The Book on Hajj,https://sunnah.com/tirmidhi:945,,,9,138
tirmidhi,Jami' at-Tirmidhi,1205,The Book on Business,https://sunnah.com/tirmidhi:1205,,,14,1
tirmidhi,Jami' at-Tirmidhi,1208,The Book on Business,https://sunnah.com/tirmidhi:1208,,,14,5
tirmidhi,Jami' at-Tirmidhi,1209,The Book on Business,https://sunnah.com/tirmidhi:1209,,,14,7
tirmidhi,Jami' at-Tirmidhi,1225,The Book on Business,https://sunnah.com/tirmidhi:1225,,,14,24
tirmidhi,Jami' at-Tirmidhi,1227,The Book on Business,https://sunnah.com/tirmidhi:1227,"With this (same as no. 1226) chain:""The Prophet (ﷺ) prohibited selling ears (of grain) until they have whitened (shown their kernals) and are safe from blight, ",وَبِهَذَا الإِسْنَادِ أَنَّ النَّبِيَّ صلى الله عليه وسلم نَهَى عَنْ بَيْعِ السُّنْبُلِ حَتَّى يَبْيَضَّ وَيَأْمَنَ الْع,14,27
tirmidhi,Jami' at-Tirmidhi,1255,The Book on Business,https://sunnah.com/tirmidhi:1255,,,14,55
tirmidhi,Jami' at-Tirmidhi,1258,The Book on Business,https://sunnah.com/tirmidhi:1258,,,14,59
tirmidhi,Jami' at-Tirmidhi,1301,The Book on Business,https://sunnah.com/tirmidhi:1301,,,14,103
tirmidhi,Jami' at-Tirmidhi,1317,The Book on Business,https://sunnah.com/tirmidhi:1317,,,14,120
tirmidhi,Jami' at-Tirmidhi,1322,The Chapters On Judgements From The Messenger of Allah,https://sunnah.com/tirmidhi:1322,,,15,1
tirmidhi,Jami' at-Tirmidhi,1365,The Chapters On Judgements From The Messenger of Allah,https://sunnah.com/tirmidhi:1365,,,15,45
tirmidhi,Jami' at-Tirmidhi,1395,The Book on Blood Money,https://sunnah.com/tirmidhi:1395,,,16,10
tirmidhi,Jami' at-Tirmidhi,1420,The Book on Blood Money,https://sunnah.com/tirmidhi:1420,,,16,36
tirmidhi,Jami' at-Tirmidhi,1438,The Book on Legal Punishments (Al-Hudud),https://sunnah.com/tirmidhi:1438,,,17,20
tirmidhi,Jami' at-Tirmidhi,1465,The Book on Hunting,https://sunnah.com/tirmidhi:1465,,,18,2
tirmidhi,Jami' at-Tirmidhi,1471,The Book on Hunting,https://sunnah.com/tirmidhi:1471,,,18,9
tirmidhi,Jami' at-Tirmidhi,1477,The Book on Hunting,https://sunnah.com/tirmidhi:1477,,,18,16
tirmidhi,Jami' at-Tirmidhi,1480,The Book on Hunting,https://sunnah.com/tirmidhi:1480,,,18,20
tirmidhi,Jami' at-Tirmidhi,1484,The Book on Hunting,https://sunnah.com/tirmidhi:1484,,,18,25
tirmidhi,Jami' at-Tirmidhi,1491,The Book on Hunting,https://sunnah.com/tirmidhi:1491,,,18,33
tirmidhi,Jami' at-Tirmidhi,1492,The Book on Hunting,https://sunnah.com/tirmidhi:1492,,,18,35
tirmidhi,Jami' at-Tirmidhi,1497,The Book on Sacrifices,https://sunnah.com/tirmidhi:1497,,,19,5
tirmidhi,Jami' at-Tirmidhi,1498,The Book on Sacrifices,https://sunnah.com/tirmidhi:1498,,,19,7
tirmidhi,Jami' at-Tirmidhi,1500,The Book on Sacrifices,https://sunnah.com/tirmidhi:1500,,,19,10
tirmidhi,Jami' at-Tirmidhi,1515,The Book on Sacrifices,https://sunnah.com/tirmidhi:1515,,,19,26
tirmidhi,Jami' at-Tirmidhi,1522,The Book on Sacrifices,https://sunnah.com/tirmidhi:1522,,,19,34
tirmidhi,Jami' at-Tirmidhi,1526,The Book on Vows and Oaths,https://sunnah.com/tirmidhi:1526,,,20,3
tirmidhi,Jami' at-Tirmidhi,1537,The Book on Vows and Oaths,https://sunnah.com/tirmidhi:1537,,,20,15
tirmidhi,Jami' at-Tirmidhi,1553,The Book on Military Expeditions,https://sunnah.com/tirmidhi:1553,,,21,6
tirmidhi,Jami' at-Tirmidhi,1554,The Book on Military Expeditions,https://sunnah.com/tirmidhi:1554,,,21,8
tirmidhi,Jami' at-Tirmidhi,1558,The Book on Military Expeditions,https://sunnah.com/tirmidhi:1558,,,21,13
tirmidhi,Jami' at-Tirmidhi,1560,The Book on Military Expeditions,https://sunnah.com/tirmidhi:1560,,,21,16
tirmidhi,Jami' at-Tirmidhi,1561,The Book on Military Expeditions,https://sunnah.com/tirmidhi:1561,,,21,19
tirmidhi,Jami' at-Tirmidhi,1562,The Book on Military Expeditions,https://sunnah.com/tirmidhi:1562,,,21,20
tirmidhi,Jami' at-Tirmidhi,1565,The Book on Military Expeditions,https://sunnah.com/tirmidhi:1565,,,21,24
tirmidhi,Jami' at-Tirmidhi,1579,The Book on Military Expeditions,https://sunnah.com/tirmidhi:1579,,,21,40
tirmidhi,Jami' at-Tirmidhi,1599,The Book on Military Expeditions,https://sunnah.com/tirmidhi:1599,,,21,61
tirmidhi,Jami' at-Tirmidhi,1617,The Book on Military Expeditions,https://sunnah.com/tirmidhi:1617,,,21,80
tirmidhi,Jami' at-Tirmidhi,1618,The Book on Military Expeditions,https://sunnah.com/tirmidhi:1618,,,21,82
tirmidhi,Jami' at-Tirmidhi,1637,The Book on Virtues of Jihad,https://sunnah.com/tirmidhi:1637,,,22,19
tirmidhi,Jami' at-Tirmidhi,1705,The Book on Jihad,https://sunnah.com/tirmidhi:1705,,,23,36
tirmidhi,Jami' at-Tirmidhi,1709,The Book on Jihad,https://sunnah.com/tirmidhi:1709,,,23,41
tirmidhi,Jami' at-Tirmidhi,1711,The Book on Jihad,https://sunnah.com/tirmidhi:1711,,,23,44
tirmidhi,Jami' at-Tirmidhi,1756,The Book on Clothing,https://sunnah.com/tirmidhi:1756,,,24,37
tirmidhi,Jami' at-Tirmidhi,1757,The Book on Clothing,https://sunnah.com/tirmidhi:1757,,,24,39
tirmidhi,Jami' at-Tirmidhi,1767,The Book on Clothing,https://sunnah.com/tirmidhi:1767,,,24,50
tirmidhi,Jami' at-Tirmidhi,1770,The Book on Clothing,https://sunnah.com/tirmidhi:1770,,,24,54
tirmidhi,Jami' at-Tirmidhi,1781,The Book on Clothing,https://sunnah.com/tirmidhi:1781,,,24,69
tirmidhi,Jami' at-Tirmidhi,1794,The Book on Food,https://sunnah.com/tirmidhi:1794,,,25,7
tirmidhi,Jami' at-Tirmidhi,1820,The Book on Food,https://sunnah.com/tirmidhi:1820,,,25,34
tirmidhi,Jami' at-Tirmidhi,1825,The Book on Food,https://sunnah.com/tirmidhi:1825,,,25,40
tirmidhi,Jami' at-Tirmidhi,1851,The Book on Food,https://sunnah.com/tirmidhi:1851,,,25,67
tirmidhi,Jami' at-Tirmidhi,1858,The Book on Food,https://sunnah.com/tirmidhi:1858,,,25,75
tirmidhi,Jami' at-Tirmidhi,1884,The Book on Drinks,https://sunnah.com/tirmidhi:1884,,,26,25
tirmidhi,Jami' at-Tirmidhi,2089,Chapters on Medicine,https://sunnah.com/tirmidhi:2089,,,28,54
tirmidhi,Jami' at-Tirmidhi,2129,Chapters On Wala' And Gifts,https://sunnah.com/tirmidhi:2129,,,31,5
tirmidhi,Jami' at-Tirmidhi,2392,Chapters On Zuhd,https://sunnah.com/tirmidhi:2392,,,36,89
tirmidhi,Jami' at-Tirmidhi,2498,"Chapters on the description of the Day of Judgement, Ar-Riqaq, and Al-Wara'",https://sunnah.com/tirmidhi:2498,"And the Messenger of Allah (s.a.w) said:""Allah is more pleased with the repentance of one of you that a man in a desolate, barren, destructive wasteland, who ha","وَقَالَ قَالَ رَسُولُ اللَّهِ صلى الله عليه وسلم ‏ ""‏ لَلَّهُ أَفْرَحُ بِتَوْبَةِ أَحَدِكُمْ مِنْ رَجُلٍ بِأَرْضٍ دَوِيّ",37,84
tirmidhi,Jami' at-Tirmidhi,2743,The Book on the Description of Hellfire,https://sunnah.com/tirmidhi:2743,"And 'Abdur-Rahman bin Mahdi reported it from 'Ikrimah bin 'Ammar and it is similar to the narration of Ibn Al-Mubarak, but he said to him the third time:""You ar",وَرَوَى عَبْدُ الرَّحْمَنِ بْنُ مَهْدِيٍّ، عَنْ عِكْرِمَةَ بْنِ عَمَّارٍ، نَحْوَ رِوَايَةِ ابْنِ الْمُبَارَكِ وَقَالَ لَ,43,13
tirmidhi,Jami' at-Tirmidhi,2787,The Book on the Description of Hellfire,https://sunnah.com/tirmidhi:2787,Another chain of narration similar in meaning,,43,60
tirmidhi,Jami' at-Tirmidhi,2855,Chapters on Manners,https://sunnah.com/tirmidhi:2855,(Another chain) with similar meaning,,43,131
tirmidhi,Jami' at-Tirmidhi,3011,Chapters on Tafsir,https://sunnah.com/tirmidhi:3011,,,47,63
tirmidhi,Jami' at-Tirmidhi,3015,Chapters on Tafsir,https://sunnah.com/tirmidhi:3015,,,47,67
tirmidhi,Jami' at-Tirmidhi,3367,Chapters on Tafsir,https://sunnah.com/tirmidhi:3367,,,47,419
tirmidhi,Jami' at-Tirmidhi,3368,Chapters on Tafsir,https://sunnah.com/tirmidhi:3368,,,47,420
tirmidhi,Jami' at-Tirmidhi,3717,Chapters on Tafsir,https://sunnah.com/tirmidhi:3717,,,49,113
tirmidhi,Jami' at-Tirmidhi,3758,Chapters on Virtues,https://sunnah.com/tirmidhi:3758,,,49,155
tirmidhi,Jami' at-Tirmidhi,3759,Chapters on Virtues,https://sunnah.com/tirmidhi:3759,,,49,157
tirmidhi,Jami' at-Tirmidhi,3799,Chapters on Virtues,https://sunnah.com/tirmidhi:3799,,,49,198
