Book Slug,Hadith Number,Chapter,Has EN,Has AR,Reference URL
abudawud,907,Prayer (Kitab Al-Salat),No,No,https://sunnah.com/abudawud:907
abudawud,1598,Zakat (Kitab Al-Zakat),Yes,Yes,https://sunnah.com/abudawud:1598
abudawud,4290,The Promised Deliverer (Kitab Al-Mahdi),No,No,https://sunnah.com/abudawud:4290
bukhari,486,Prayers (Salat),Yes,Yes,https://sunnah.com/bukhari:486
bukhari,1848,Penalty of Hunting while on Pilgrimage,Yes,Yes,https://sunnah.com/bukhari:1848
bukhari,5337,Divorce,Yes,Yes,https://sunnah.com/bukhari:5337
bukhari,5710,Medicine,No,No,https://sunnah.com/bukhari:5710
bukhari,5711,Medicine,No,No,https://sunnah.com/bukhari:5711
bukhari,5712,Medicine,No,No,https://sunnah.com/bukhari:5712
bukhari,5774,Medicine,No,No,https://sunnah.com/bukhari:5774
bukhari,5775,Medicine,No,No,https://sunnah.com/bukhari:5775
bukhari,5956,Dress,Yes,Yes,https://sunnah.com/bukhari:5956
bukhari,6074,Good Manners and Form (Al-Adab),No,No,https://sunnah.com/bukhari:6074
bukhari,6075,Good Manners and Form (Al-Adab),No,No,https://sunnah.com/bukhari:6075
bukhari,6174,Good Manners and Form (Al-Adab),No,No,https://sunnah.com/bukhari:6174
bukhari,6175,Good Manners and Form (Al-Adab),No,No,https://sunnah.com/bukhari:6175
bukhari,6625,Oaths and Vows,Yes,Yes,https://sunnah.com/bukhari:6625
muslim,1,Introduction,No,No,https://sunnah.com/muslim:1
muslim,2,Introduction,No,No,https://sunnah.com/muslim:2
muslim,5,Introduction,No,No,https://sunnah.com/muslim:5
muslim,6,Introduction,No,No,https://sunnah.com/muslim:6
muslim,7,Introduction,No,No,https://sunnah.com/muslim:7
muslim,8,Introduction,No,No,https://sunnah.com/muslim:8
muslim,9,Introduction,No,No,https://sunnah.com/muslim:9
muslim,10,Introduction,No,No,https://sunnah.com/muslim:10
muslim,11,Introduction,No,No,https://sunnah.com/muslim:11
muslim,12,Introduction,No,No,https://sunnah.com/muslim:12
muslim,13,Introduction,No,No,https://sunnah.com/muslim:13
muslim,14,Introduction,No,No,https://sunnah.com/muslim:14
muslim,16,Introduction,No,No,https://sunnah.com/muslim:16
muslim,17,Introduction,No,No,https://sunnah.com/muslim:17
muslim,18,Introduction,No,No,https://sunnah.com/muslim:18
muslim,19,Introduction,No,No,https://sunnah.com/muslim:19
muslim,20,Introduction,No,No,https://sunnah.com/muslim:20
muslim,21,Introduction,No,No,https://sunnah.com/muslim:21
muslim,22,Introduction,No,No,https://sunnah.com/muslim:22
muslim,23,Introduction,No,No,https://sunnah.com/muslim:23
muslim,24,Introduction,No,No,https://sunnah.com/muslim:24
muslim,25,Introduction,No,No,https://sunnah.com/muslim:25
muslim,26,Introduction,No,No,https://sunnah.com/muslim:26
muslim,27,Introduction,No,No,https://sunnah.com/muslim:27
muslim,28,Introduction,No,No,https://sunnah.com/muslim:28
muslim,29,Introduction,No,No,https://sunnah.com/muslim:29
muslim,30,Introduction,No,No,https://sunnah.com/muslim:30
muslim,31,Introduction,No,No,https://sunnah.com/muslim:31
muslim,32,Introduction,No,No,https://sunnah.com/muslim:32
muslim,33,Introduction,No,No,https://sunnah.com/muslim:33
muslim,34,Introduction,No,No,https://sunnah.com/muslim:34
muslim,35,Introduction,No,No,https://sunnah.com/muslim:35
muslim,36,Introduction,No,No,https://sunnah.com/muslim:36
muslim,37,Introduction,No,No,https://sunnah.com/muslim:37
muslim,38,Introduction,No,No,https://sunnah.com/muslim:38
muslim,39,Introduction,No,No,https://sunnah.com/muslim:39
muslim,40,Introduction,No,No,https://sunnah.com/muslim:40
muslim,41,Introduction,No,No,https://sunnah.com/muslim:41
muslim,42,Introduction,No,No,https://sunnah.com/muslim:42
muslim,43,Introduction,No,No,https://sunnah.com/muslim:43
muslim,44,Introduction,No,No,https://sunnah.com/muslim:44
muslim,45,Introduction,No,No,https://sunnah.com/muslim:45
muslim,46,Introduction,No,No,https://sunnah.com/muslim:46
muslim,47,Introduction,No,No,https://sunnah.com/muslim:47
muslim,48,Introduction,No,No,https://sunnah.com/muslim:48
muslim,49,Introduction,No,No,https://sunnah.com/muslim:49
muslim,50,Introduction,No,No,https://sunnah.com/muslim:50
muslim,51,Introduction,No,No,https://sunnah.com/muslim:51
muslim,52,Introduction,No,No,https://sunnah.com/muslim:52
muslim,53,Introduction,No,No,https://sunnah.com/muslim:53
muslim,54,Introduction,No,No,https://sunnah.com/muslim:54
muslim,55,Introduction,No,No,https://sunnah.com/muslim:55
muslim,56,Introduction,No,No,https://sunnah.com/muslim:56
muslim,57,Introduction,No,No,https://sunnah.com/muslim:57
muslim,58,Introduction,No,No,https://sunnah.com/muslim:58
muslim,59,Introduction,No,No,https://sunnah.com/muslim:59
muslim,60,Introduction,No,No,https://sunnah.com/muslim:60
muslim,61,Introduction,No,No,https://sunnah.com/muslim:61
muslim,62,Introduction,No,No,https://sunnah.com/muslim:62
muslim,63,Introduction,No,No,https://sunnah.com/muslim:63
muslim,64,Introduction,No,No,https://sunnah.com/muslim:64
muslim,65,Introduction,No,No,https://sunnah.com/muslim:65
muslim,66,Introduction,No,No,https://sunnah.com/muslim:66
muslim,67,Introduction,No,No,https://sunnah.com/muslim:67
muslim,68,Introduction,No,No,https://sunnah.com/muslim:68
muslim,69,Introduction,No,No,https://sunnah.com/muslim:69
muslim,70,Introduction,No,No,https://sunnah.com/muslim:70
muslim,71,Introduction,No,No,https://sunnah.com/muslim:71
muslim,72,Introduction,No,No,https://sunnah.com/muslim:72
muslim,73,Introduction,No,No,https://sunnah.com/muslim:73
muslim,74,Introduction,No,No,https://sunnah.com/muslim:74
muslim,75,Introduction,No,No,https://sunnah.com/muslim:75
muslim,76,Introduction,No,No,https://sunnah.com/muslim:76
muslim,77,Introduction,No,No,https://sunnah.com/muslim:77
muslim,78,Introduction,No,No,https://sunnah.com/muslim:78
muslim,79,Introduction,No,No,https://sunnah.com/muslim:79
muslim,80,Introduction,No,No,https://sunnah.com/muslim:80
muslim,81,Introduction,No,No,https://sunnah.com/muslim:81
muslim,82,Introduction,No,No,https://sunnah.com/muslim:82
muslim,83,Introduction,No,No,https://sunnah.com/muslim:83
muslim,84,Introduction,No,No,https://sunnah.com/muslim:84
muslim,85,Introduction,No,No,https://sunnah.com/muslim:85
muslim,86,Introduction,No,No,https://sunnah.com/muslim:86
muslim,87,Introduction,No,No,https://sunnah.com/muslim:87
muslim,88,Introduction,No,No,https://sunnah.com/muslim:88
muslim,89,Introduction,No,No,https://sunnah.com/muslim:89
muslim,90,Introduction,No,No,https://sunnah.com/muslim:90
muslim,91,Introduction,No,No,https://sunnah.com/muslim:91
muslim,92,Introduction,No,No,https://sunnah.com/muslim:92
muslim,128,The Book of Faith,No,No,https://sunnah.com/muslim:128
muslim,209,The Book of Faith,No,No,https://sunnah.com/muslim:209
muslim,248,The Book of Faith,No,No,https://sunnah.com/muslim:248
muslim,384,The Book of Faith,No,No,https://sunnah.com/muslim:384
muslim,388,The Book of Faith,No,No,https://sunnah.com/muslim:388
muslim,637,The Book of Purification,No,No,https://sunnah.com/muslim:637
muslim,638,The Book of Purification,No,No,https://sunnah.com/muslim:638
muslim,794,The Book of Menstruation,No,No,https://sunnah.com/muslim:794
muslim,852,The Book of Prayers ,No,No,https://sunnah.com/muslim:852
muslim,853,The Book of Prayers ,No,No,https://sunnah.com/muslim:853
muslim,881,The Book of Prayers ,No,No,https://sunnah.com/muslim:881
muslim,1221,The Book of Mosques and Places of Prayer,No,No,https://sunnah.com/muslim:1221
muslim,1222,The Book of Mosques and Places of Prayer,No,No,https://sunnah.com/muslim:1222
muslim,1251,The Book of Mosques and Places of Prayer,No,No,https://sunnah.com/muslim:1251
muslim,1332,The Book of Mosques and Places of Prayer,No,No,https://sunnah.com/muslim:1332
muslim,1351,The Book of Mosques and Places of Prayer,No,No,https://sunnah.com/muslim:1351
muslim,1355,The Book of Mosques and Places of Prayer,No,No,https://sunnah.com/muslim:1355
muslim,1366,The Book of Mosques and Places of Prayer,No,No,https://sunnah.com/muslim:1366
muslim,1428,The Book of Mosques and Places of Prayer,No,No,https://sunnah.com/muslim:1428
muslim,1429,The Book of Mosques and Places of Prayer,No,No,https://sunnah.com/muslim:1429
muslim,1648,The Book of Prayer - Travellers,No,No,https://sunnah.com/muslim:1648
muslim,1719,The Book of Prayer - Travellers,No,No,https://sunnah.com/muslim:1719
muslim,1778,The Book of Prayer - Travellers,No,No,https://sunnah.com/muslim:1778
muslim,2295,The Book of Zakat,No,No,https://sunnah.com/muslim:2295
muslim,2339,The Book of Zakat,No,No,https://sunnah.com/muslim:2339
muslim,2381,The Book of Zakat,No,No,https://sunnah.com/muslim:2381
muslim,2810,The Book of Pilgrimage,No,No,https://sunnah.com/muslim:2810
muslim,3038,The Book of Pilgrimage,No,No,https://sunnah.com/muslim:3038
muslim,3039,The Book of Pilgrimage,No,No,https://sunnah.com/muslim:3039
muslim,3262,The Book of Pilgrimage,No,No,https://sunnah.com/muslim:3262
muslim,3463,The Book of Marriage,No,No,https://sunnah.com/muslim:3463
muslim,3525,The Book of Marriage,No,No,https://sunnah.com/muslim:3525
muslim,3836,The Book of Transactions,No,No,https://sunnah.com/muslim:3836
muslim,3845,The Book of Transactions,No,No,https://sunnah.com/muslim:3845
muslim,3846,The Book of Transactions,No,No,https://sunnah.com/muslim:3846
muslim,4436,The Book of Legal Punishments,No,No,https://sunnah.com/muslim:4436
muslim,5114,The Book of Sacrifices,No,No,https://sunnah.com/muslim:5114
muslim,5115,The Book of Sacrifices,No,No,https://sunnah.com/muslim:5115
muslim,5214,The Book of Drinks,No,No,https://sunnah.com/muslim:5214
muslim,5384,The Book of Virtues,No,No,https://sunnah.com/muslim:5384
muslim,5393,The Book of Clothes and Adornment,No,No,https://sunnah.com/muslim:5393
muslim,5541,The Book of Clothes and Adornment,No,No,https://sunnah.com/muslim:5541
muslim,5542,The Book of Clothes and Adornment,No,No,https://sunnah.com/muslim:5542
muslim,5543,The Book of Clothes and Adornment,No,No,https://sunnah.com/muslim:5543
muslim,5544,The Book of Clothes and Adornment,No,No,https://sunnah.com/muslim:5544
muslim,5545,The Book of Clothes and Adornment,No,No,https://sunnah.com/muslim:5545
muslim,5637,The Book of Manners and Etiquette,No,No,https://sunnah.com/muslim:5637
muslim,5995,The Book of Virtues,No,No,https://sunnah.com/muslim:5995
muslim,5996,The Book of Virtues,No,No,https://sunnah.com/muslim:5996
muslim,5997,The Book of Virtues,No,No,https://sunnah.com/muslim:5997
muslim,5998,The Book of Virtues,No,No,https://sunnah.com/muslim:5998
muslim,5999,The Book of Virtues,No,No,https://sunnah.com/muslim:5999
muslim,6000,The Book of Virtues,No,No,https://sunnah.com/muslim:6000
muslim,6001,The Book of Virtues,No,No,https://sunnah.com/muslim:6001
muslim,6002,The Book of Virtues,No,No,https://sunnah.com/muslim:6002
muslim,6003,The Book of Virtues,No,No,https://sunnah.com/muslim:6003
muslim,6144,The Book of Virtues,No,No,https://sunnah.com/muslim:6144
muslim,6527,"The Book of Virtue, Enjoining Good Manners, and Joining of the Ties of Kinship",No,No,https://sunnah.com/muslim:6527
muslim,6528,"The Book of Virtue, Enjoining Good Manners, and Joining of the Ties of Kinship",No,No,https://sunnah.com/muslim:6528
muslim,6529,"The Book of Virtue, Enjoining Good Manners, and Joining of the Ties of Kinship",No,No,https://sunnah.com/muslim:6529
muslim,6574,"The Book of Virtue, Enjoining Good Manners, and Joining of the Ties of Kinship",Yes,Yes,https://sunnah.com/muslim:6574
muslim,6701,"The Book of Virtue, Enjoining Good Manners, and Joining of the Ties of Kinship",No,No,https://sunnah.com/muslim:6701
muslim,6702,"The Book of Virtue, Enjoining Good Manners, and Joining of the Ties of Kinship",No,No,https://sunnah.com/muslim:6702
muslim,6792,The Book of Knowledge,No,No,https://sunnah.com/muslim:6792
muslim,6844,"The Book Pertaining to the Remembrance of Allah, Supplication, Repentance and Seeking Forgiveness ",No,No,https://sunnah.com/muslim:6844
muslim,6845,"The Book Pertaining to the Remembrance of Allah, Supplication, Repentance and Seeking Forgiveness ",No,No,https://sunnah.com/muslim:6845
muslim,7016,The Book of Repentance,No,No,https://sunnah.com/muslim:7016
muslim,7020,The Book of Repentance,No,No,https://sunnah.com/muslim:7020
muslim,7144,"The Book of Paradise, its Description, its Bounties and its Inhabitants",No,No,https://sunnah.com/muslim:7144
muslim,7256,The Book of Tribulations and Portents of the Last Hour,No,No,https://sunnah.com/muslim:7256
muslim,7301,The Book of Tribulations and Portents of the Last Hour,No,No,https://sunnah.com/muslim:7301
muslim,7317,The Book of Tribulations and Portents of the Last Hour,No,No,https://sunnah.com/muslim:7317
muslim,7325,The Book of Tribulations and Portents of the Last Hour,No,No,https://sunnah.com/muslim:7325
muslim,7329,The Book of Tribulations and Portents of the Last Hour,No,No,https://sunnah.com/muslim:7329
muslim,7330,The Book of Tribulations and Portents of the Last Hour,No,No,https://sunnah.com/muslim:7330
muslim,7331,The Book of Tribulations and Portents of the Last Hour,No,No,https://sunnah.com/muslim:7331
muslim,7332,The Book of Tribulations and Portents of the Last Hour,No,No,https://sunnah.com/muslim:7332
muslim,7333,The Book of Tribulations and Portents of the Last Hour,No,No,https://sunnah.com/muslim:7333
muslim,7334,The Book of Tribulations and Portents of the Last Hour,No,No,https://sunnah.com/muslim:7334
muslim,7335,The Book of Tribulations and Portents of the Last Hour,No,No,https://sunnah.com/muslim:7335
muslim,7336,The Book of Tribulations and Portents of the Last Hour,No,No,https://sunnah.com/muslim:7336
muslim,7337,The Book of Tribulations and Portents of the Last Hour,No,No,https://sunnah.com/muslim:7337
muslim,7338,The Book of Tribulations and Portents of the Last Hour,No,No,https://sunnah.com/muslim:7338
muslim,7339,The Book of Tribulations and Portents of the Last Hour,No,No,https://sunnah.com/muslim:7339
muslim,7340,The Book of Tribulations and Portents of the Last Hour,No,No,https://sunnah.com/muslim:7340
muslim,7341,The Book of Tribulations and Portents of the Last Hour,No,No,https://sunnah.com/muslim:7341
muslim,7342,The Book of Tribulations and Portents of the Last Hour,No,No,https://sunnah.com/muslim:7342
muslim,7343,The Book of Tribulations and Portents of the Last Hour,No,No,https://sunnah.com/muslim:7343
muslim,7371,The Book of Tribulations and Portents of the Last Hour,No,No,https://sunnah.com/muslim:7371
muslim,7401,The Book of Tribulations and Portents of the Last Hour,Yes,Yes,https://sunnah.com/muslim:7401
muslim,7447,The Book of Zuhd and Softening of Hearts ,No,No,https://sunnah.com/muslim:7447
muslim,7448,The Book of Zuhd and Softening of Hearts ,No,No,https://sunnah.com/muslim:7448
muslim,7449,The Book of Zuhd and Softening of Hearts ,No,No,https://sunnah.com/muslim:7449
muslim,7450,The Book of Zuhd and Softening of Hearts ,No,No,https://sunnah.com/muslim:7450
muslim,7451,The Book of Zuhd and Softening of Hearts ,No,No,https://sunnah.com/muslim:7451
muslim,7452,The Book of Zuhd and Softening of Hearts ,No,No,https://sunnah.com/muslim:7452
muslim,7453,The Book of Zuhd and Softening of Hearts ,No,No,https://sunnah.com/muslim:7453
muslim,7454,The Book of Zuhd and Softening of Hearts ,No,No,https://sunnah.com/muslim:7454
muslim,7455,The Book of Zuhd and Softening of Hearts ,No,No,https://sunnah.com/muslim:7455
muslim,7456,The Book of Zuhd and Softening of Hearts ,No,No,https://sunnah.com/muslim:7456
muslim,7457,The Book of Zuhd and Softening of Hearts ,No,No,https://sunnah.com/muslim:7457
muslim,7458,The Book of Zuhd and Softening of Hearts ,No,No,https://sunnah.com/muslim:7458
muslim,7459,The Book of Zuhd and Softening of Hearts ,No,No,https://sunnah.com/muslim:7459
muslim,7460,The Book of Zuhd and Softening of Hearts ,No,No,https://sunnah.com/muslim:7460
muslim,7461,The Book of Zuhd and Softening of Hearts ,No,No,https://sunnah.com/muslim:7461
muslim,7462,The Book of Zuhd and Softening of Hearts ,No,No,https://sunnah.com/muslim:7462
muslim,7463,The Book of Zuhd and Softening of Hearts ,No,No,https://sunnah.com/muslim:7463
muslim,7513,The Book of Zuhd and Softening of Hearts ,No,No,https://sunnah.com/muslim:7513
muslim,7514,The Book of Zuhd and Softening of Hearts ,No,No,https://sunnah.com/muslim:7514
muslim,7515,The Book of Zuhd and Softening of Hearts ,No,No,https://sunnah.com/muslim:7515
muslim,7516,The Book of Zuhd and Softening of Hearts ,No,No,https://sunnah.com/muslim:7516
muslim,7517,The Book of Zuhd and Softening of Hearts ,No,No,https://sunnah.com/muslim:7517
muslim,7518,The Book of Zuhd and Softening of Hearts ,No,No,https://sunnah.com/muslim:7518
muslim,7519,The Book of Zuhd and Softening of Hearts ,No,No,https://sunnah.com/muslim:7519
muslim,7520,The Book of Zuhd and Softening of Hearts ,No,No,https://sunnah.com/muslim:7520
muslim,7557,The Book of Commentary on the Qur'an,No,No,https://sunnah.com/muslim:7557
tirmidhi,391,The Book on Salat (Prayer),No,No,https://sunnah.com/tirmidhi:391
tirmidhi,455,The Book on Al-Witr,No,No,https://sunnah.com/tirmidhi:455
tirmidhi,457,The Book on Al-Witr,No,No,https://sunnah.com/tirmidhi:457
tirmidhi,458,The Book on Al-Witr,No,No,https://sunnah.com/tirmidhi:458
tirmidhi,945,The Book on Hajj,No,No,https://sunnah.com/tirmidhi:945
tirmidhi,1205,The Book on Business,No,No,https://sunnah.com/tirmidhi:1205
tirmidhi,1208,The Book on Business,No,No,https://sunnah.com/tirmidhi:1208
tirmidhi,1209,The Book on Business,No,No,https://sunnah.com/tirmidhi:1209
tirmidhi,1225,The Book on Business,No,No,https://sunnah.com/tirmidhi:1225
tirmidhi,1227,The Book on Business,Yes,Yes,https://sunnah.com/tirmidhi:1227
tirmidhi,1255,The Book on Business,No,No,https://sunnah.com/tirmidhi:1255
tirmidhi,1258,The Book on Business,No,No,https://sunnah.com/tirmidhi:1258
tirmidhi,1301,The Book on Business,No,No,https://sunnah.com/tirmidhi:1301
tirmidhi,1317,The Book on Business,No,No,https://sunnah.com/tirmidhi:1317
tirmidhi,1322,The Chapters On Judgements From The Messenger of Allah,No,No,https://sunnah.com/tirmidhi:1322
tirmidhi,1365,The Chapters On Judgements From The Messenger of Allah,No,No,https://sunnah.com/tirmidhi:1365
tirmidhi,1395,The Book on Blood Money,No,No,https://sunnah.com/tirmidhi:1395
tirmidhi,1420,The Book on Blood Money,No,No,https://sunnah.com/tirmidhi:1420
tirmidhi,1438,The Book on Legal Punishments (Al-Hudud),No,No,https://sunnah.com/tirmidhi:1438
tirmidhi,1465,The Book on Hunting,No,No,https://sunnah.com/tirmidhi:1465
tirmidhi,1471,The Book on Hunting,No,No,https://sunnah.com/tirmidhi:1471
tirmidhi,1477,The Book on Hunting,No,No,https://sunnah.com/tirmidhi:1477
tirmidhi,1480,The Book on Hunting,No,No,https://sunnah.com/tirmidhi:1480
tirmidhi,1484,The Book on Hunting,No,No,https://sunnah.com/tirmidhi:1484
tirmidhi,1491,The Book on Hunting,No,No,https://sunnah.com/tirmidhi:1491
tirmidhi,1492,The Book on Hunting,No,No,https://sunnah.com/tirmidhi:1492
tirmidhi,1497,The Book on Sacrifices,No,No,https://sunnah.com/tirmidhi:1497
tirmidhi,1498,The Book on Sacrifices,No,No,https://sunnah.com/tirmidhi:1498
tirmidhi,1500,The Book on Sacrifices,No,No,https://sunnah.com/tirmidhi:1500
tirmidhi,1515,The Book on Sacrifices,No,No,https://sunnah.com/tirmidhi:1515
tirmidhi,1522,The Book on Sacrifices,No,No,https://sunnah.com/tirmidhi:1522
tirmidhi,1526,The Book on Vows and Oaths,No,No,https://sunnah.com/tirmidhi:1526
tirmidhi,1537,The Book on Vows and Oaths,No,No,https://sunnah.com/tirmidhi:1537
tirmidhi,1553,The Book on Military Expeditions,No,No,https://sunnah.com/tirmidhi:1553
tirmidhi,1554,The Book on Military Expeditions,No,No,https://sunnah.com/tirmidhi:1554
tirmidhi,1558,The Book on Military Expeditions,No,No,https://sunnah.com/tirmidhi:1558
tirmidhi,1560,The Book on Military Expeditions,No,No,https://sunnah.com/tirmidhi:1560
tirmidhi,1561,The Book on Military Expeditions,No,No,https://sunnah.com/tirmidhi:1561
tirmidhi,1562,The Book on Military Expeditions,No,No,https://sunnah.com/tirmidhi:1562
tirmidhi,1565,The Book on Military Expeditions,No,No,https://sunnah.com/tirmidhi:1565
tirmidhi,1579,The Book on Military Expeditions,No,No,https://sunnah.com/tirmidhi:1579
tirmidhi,1599,The Book on Military Expeditions,No,No,https://sunnah.com/tirmidhi:1599
tirmidhi,1617,The Book on Military Expeditions,No,No,https://sunnah.com/tirmidhi:1617
tirmidhi,1618,The Book on Military Expeditions,No,No,https://sunnah.com/tirmidhi:1618
tirmidhi,1637,The Book on Virtues of Jihad,No,No,https://sunnah.com/tirmidhi:1637
tirmidhi,1705,The Book on Jihad,No,No,https://sunnah.com/tirmidhi:1705
tirmidhi,1709,The Book on Jihad,No,No,https://sunnah.com/tirmidhi:1709
tirmidhi,1711,The Book on Jihad,No,No,https://sunnah.com/tirmidhi:1711
tirmidhi,1756,The Book on Clothing,No,No,https://sunnah.com/tirmidhi:1756
tirmidhi,1757,The Book on Clothing,No,No,https://sunnah.com/tirmidhi:1757
tirmidhi,1767,The Book on Clothing,No,No,https://sunnah.com/tirmidhi:1767
tirmidhi,1770,The Book on Clothing,No,No,https://sunnah.com/tirmidhi:1770
tirmidhi,1781,The Book on Clothing,No,No,https://sunnah.com/tirmidhi:1781
tirmidhi,1794,The Book on Food,No,No,https://sunnah.com/tirmidhi:1794
tirmidhi,1820,The Book on Food,No,No,https://sunnah.com/tirmidhi:1820
tirmidhi,1825,The Book on Food,No,No,https://sunnah.com/tirmidhi:1825
tirmidhi,1851,The Book on Food,No,No,https://sunnah.com/tirmidhi:1851
tirmidhi,1858,The Book on Food,No,No,https://sunnah.com/tirmidhi:1858
tirmidhi,1884,The Book on Drinks,No,No,https://sunnah.com/tirmidhi:1884
tirmidhi,2089,Chapters on Medicine,No,No,https://sunnah.com/tirmidhi:2089
tirmidhi,2129,Chapters On Wala' And Gifts,No,No,https://sunnah.com/tirmidhi:2129
tirmidhi,2392,Chapters On Zuhd,No,No,https://sunnah.com/tirmidhi:2392
tirmidhi,2498,"Chapters on the description of the Day of Judgement, Ar-Riqaq, and Al-Wara'",Yes,Yes,https://sunnah.com/tirmidhi:2498
tirmidhi,2743,The Book on the Description of Hellfire,Yes,Yes,https://sunnah.com/tirmidhi:2743
tirmidhi,2787,The Book on the Description of Hellfire,Yes,No,https://sunnah.com/tirmidhi:2787
tirmidhi,2855,Chapters on Manners,Yes,No,https://sunnah.com/tirmidhi:2855
tirmidhi,3011,Chapters on Tafsir,No,No,https://sunnah.com/tirmidhi:3011
tirmidhi,3015,Chapters on Tafsir,No,No,https://sunnah.com/tirmidhi:3015
tirmidhi,3367,Chapters on Tafsir,No,No,https://sunnah.com/tirmidhi:3367
tirmidhi,3368,Chapters on Tafsir,No,No,https://sunnah.com/tirmidhi:3368
tirmidhi,3717,Chapters on Tafsir,No,No,https://sunnah.com/tirmidhi:3717
tirmidhi,3758,Chapters on Virtues,No,No,https://sunnah.com/tirmidhi:3758
tirmidhi,3759,Chapters on Virtues,No,No,https://sunnah.com/tirmidhi:3759
tirmidhi,3799,Chapters on Virtues,No,No,https://sunnah.com/tirmidhi:3799
