Book,Book Slug,Hadith Number,Reference URL,Local EN prefix,Local AR prefix,Imported Narrator,Method,Verification,Status,Notes
Sunan Abu Dawood,abudawud,123,https://sunnah.com/abudawud:123,Another version says:He wiped his ears inside and outside. Hisham adds: He inserted his fingers in the ear-holes,حَدَّثَنَا مَحْمُودُ بْنُ خَالِدٍ، وَهِشَامُ بْنُ خَالِدٍ، - الْمَعْنَى - قَالاَ,Al-Miqdam b. Ma’dikarib,sunnah_same_chain_previous,text_and_inbook_match,IMPORTED,Verified via text_and_inbook_match; sunnah in-book Book 1 Hadith 123
Sunan Abu Dawood,abudawud,907,https://sunnah.com/abudawud:907,,,Al-Miswar ibn Yazid al-Maliki,sunnah_narrated_label,inbook_ref_match_with_local_content,IMPORTED,Verified via inbook_ref_match_with_local_content; sunnah in-book Book 2 Hadith 517
Sunan Abu Dawood,abudawud,1598,https://sunnah.com/abudawud:1598,"Waki’ said Ba’l means the agricultural crop which grows by the rain water. Ibn Al Aswad said and Yahya, that is, Ibn Ada",حَدَّثَنَا الْهَيْثَمُ بْنُ خَالِدٍ الْجُهَنِيُّ، وَحُسَيْنُ بْنُ الأَسْوَدِ الْ,,,text_and_inbook_match,LEFT_EMPTY_NO_RAVI_ON_PAGE,Verified same hadith/book but sunnah page has no extractable narrator
Sunan Abu Dawood,abudawud,4290,https://sunnah.com/abudawud:4290,,,علي بن أبي طالب الهاشمي,sunnah_arabic_isnad_last_link,inbook_ref_match_with_local_content,IMPORTED,Verified via inbook_ref_match_with_local_content; sunnah in-book Book 38 Hadith 12
Sahih Bukhari,bukhari,239,https://sunnah.com/bukhari:239,"The same narrator said that the Prophet (ﷺ) had said: ""You should not pass urine in stagnant water which is not flowing ","وَبِإِسْنَادِهِ قَالَ ‏ ""‏ لاَ يَبُولَنَّ أَحَدُكُمْ فِي الْمَاءِ الدَّائِمِ الّ",Abu Huraira,sunnah_same_chain_previous,text_and_inbook_match,IMPORTED,Verified via text_and_inbook_match; sunnah in-book Book 4 Hadith 105
Sahih Bukhari,bukhari,486,https://sunnah.com/bukhari:486,See translation for hadith 484 above,وَأَنَّ ابْنَ عُمَرَ كَانَ يُصَلِّي إِلَى الْعِرْقِ الَّذِي عِنْدَ مُنْصَرَفِ ال,,,text_and_inbook_match,LEFT_EMPTY_NO_RAVI_ON_PAGE,Verified same hadith/book but sunnah page has no extractable narrator
Sahih Bukhari,bukhari,804,https://sunnah.com/bukhari:804,"And Abu Huraira said, ""When Allah's Messenger (ﷺ) raised his head from (bowing) he used to say ""Sami`a l-lahu liman hami",قَالاَ وَقَالَ أَبُو هُرَيْرَةَ ـ رضى الله عنه ـ وَكَانَ رَسُولُ اللَّهِ صلى الل,أبو هريرة الدوسي,sunnah_arabic_isnad_last_link,text_and_inbook_match,IMPORTED,Verified via text_and_inbook_match; sunnah in-book Book 10 Hadith 199
Sahih Bukhari,bukhari,1848,https://sunnah.com/bukhari:1848,"A man bit the hand of another man but in that process the latter broke one incisor tooth of the former, and the Prophet ",وَعَضَّ رَجُلٌ يَدَ رَجُلٍ ـ يَعْنِي فَانْتَزَعَ ثَنِيَّتَهُ ـ فَأَبْطَلَهُ النّ,,,text_and_inbook_match,LEFT_EMPTY_NO_RAVI_ON_PAGE,Verified same hadith/book but sunnah page has no extractable narrator
Sahih Bukhari,bukhari,5337,https://sunnah.com/bukhari:5337,"I (Humaid) said to Zainab, ""What does 'throwing a globe of dung when one year had elapsed' mean?"" Zainab said, ""When a l",قَالَ حُمَيْدٌ فَقُلْتُ لِزَيْنَبَ وَمَا تَرْمِي بِالْبَعَرَةِ عَلَى رَأْسِ الْح,,,text_and_inbook_match,LEFT_EMPTY_NO_RAVI_ON_PAGE,Verified same hadith/book but sunnah page has no extractable narrator
Sahih Bukhari,bukhari,5710,https://sunnah.com/bukhari:5710,,,,,local_empty_cannot_verify_without_inbook,LEFT_EMPTY_UNVERIFIED,collection_ok=True inbook=None:None narrated=None links=0
Sahih Bukhari,bukhari,5711,https://sunnah.com/bukhari:5711,,,,,no_text_or_inbook_match,LEFT_EMPTY_UNVERIFIED,collection_ok=True inbook=None:None narrated=None links=0
Sahih Bukhari,bukhari,5712,https://sunnah.com/bukhari:5712,,,Ibn `Abbas and `Aisha,sunnah_narrated_label,inbook_ref_match_empty_local_texts,IMPORTED,Verified via inbook_ref_match_empty_local_texts; sunnah in-book Book 76 Hadith 29
Sahih Bukhari,bukhari,5774,https://sunnah.com/bukhari:5774,,,,,local_empty_cannot_verify_without_inbook,LEFT_EMPTY_UNVERIFIED,collection_ok=True inbook=None:None narrated=None links=0
Sahih Bukhari,bukhari,5775,https://sunnah.com/bukhari:5775,,,Abu Huraira,sunnah_narrated_label,inbook_ref_match_empty_local_texts,IMPORTED,Verified via inbook_ref_match_empty_local_texts; sunnah in-book Book 76 Hadith 87
Sahih Bukhari,bukhari,5956,https://sunnah.com/bukhari:5956,Aisha added:The Prophet (ﷺ) and I used to take a bath from one container (of water),وَكُنْتُ أَغْتَسِلُ أَنَا وَالنَّبِيُّ، صلى الله عليه وسلم مِنْ إِنَاءٍ وَاحِدٍ‏,,,text_and_inbook_match,LEFT_EMPTY_NO_RAVI_ON_PAGE,Verified same hadith/book but sunnah page has no extractable narrator
Sahih Bukhari,bukhari,6074,https://sunnah.com/bukhari:6074,,,,,local_empty_cannot_verify_without_inbook,LEFT_EMPTY_UNVERIFIED,collection_ok=True inbook=None:None narrated=None links=0
Sahih Bukhari,bukhari,6075,https://sunnah.com/bukhari:6075,,,`Aisha,sunnah_narrated_label,inbook_ref_match_empty_local_texts,IMPORTED,Verified via inbook_ref_match_empty_local_texts; sunnah in-book Book 78 Hadith 103
Sahih Bukhari,bukhari,6174,https://sunnah.com/bukhari:6174,,,,,no_text_or_inbook_match,LEFT_EMPTY_UNVERIFIED,collection_ok=True inbook=None:None narrated=None links=0
Sahih Bukhari,bukhari,6175,https://sunnah.com/bukhari:6175,,,`Abdullah bin `Umar,sunnah_narrated_label,inbook_ref_match_with_local_content,IMPORTED,Verified via inbook_ref_match_with_local_content; sunnah in-book Book 78 Hadith 199
Sahih Bukhari,bukhari,6625,https://sunnah.com/bukhari:6625,"Allah's Messenger (ﷺ) also said:""By Allah, if anyone of you insists on fulfilling an oath by which he may harm his famil","فَقَالَ رَسُولُ اللَّهِ صلى الله عليه وسلم ‏ ""‏ وَاللَّهِ لأَنْ يَلِجَّ أَحَدُكُ",,,text_and_inbook_match,LEFT_EMPTY_NO_RAVI_ON_PAGE,Verified same hadith/book but sunnah page has no extractable narrator
Sahih Muslim,muslim,1,https://sunnah.com/muslim:1,,,,,no_text_or_inbook_match,LEFT_EMPTY_UNVERIFIED,collection_ok=True inbook=None:None narrated=None links=5
Sahih Muslim,muslim,2,https://sunnah.com/muslim:2,,,,,no_text_or_inbook_match,LEFT_EMPTY_UNVERIFIED,collection_ok=True inbook=None:None narrated=None links=4
Sahih Muslim,muslim,5,https://sunnah.com/muslim:5,,,,,no_text_or_inbook_match,LEFT_EMPTY_UNVERIFIED,collection_ok=True inbook=None:None narrated=None links=6
Sahih Muslim,muslim,6,https://sunnah.com/muslim:6,,,,,no_text_or_inbook_match,LEFT_EMPTY_UNVERIFIED,collection_ok=True inbook=None:None narrated=None links=6
Sahih Muslim,muslim,7,https://sunnah.com/muslim:7,,,,,no_text_or_inbook_match,LEFT_EMPTY_UNVERIFIED,collection_ok=True inbook=None:None narrated=None links=6
Sahih Muslim,muslim,8,https://sunnah.com/muslim:8,,,,,no_text_or_inbook_match,LEFT_EMPTY_UNVERIFIED,collection_ok=True inbook=1:1 narrated=None links=9
Sahih Muslim,muslim,9,https://sunnah.com/muslim:9,,,,,no_text_or_inbook_match,LEFT_EMPTY_UNVERIFIED,collection_ok=True inbook=1:6 narrated=None links=0
Sahih Muslim,muslim,10,https://sunnah.com/muslim:10,,,,,no_text_or_inbook_match,LEFT_EMPTY_UNVERIFIED,collection_ok=True inbook=1:7 narrated=None links=5
Sahih Muslim,muslim,11,https://sunnah.com/muslim:11,,,,,no_text_or_inbook_match,LEFT_EMPTY_UNVERIFIED,collection_ok=True inbook=1:8 narrated=None links=5
Sahih Muslim,muslim,12,https://sunnah.com/muslim:12,,,,,no_text_or_inbook_match,LEFT_EMPTY_UNVERIFIED,collection_ok=True inbook=1:10 narrated=None links=4
Sahih Muslim,muslim,13,https://sunnah.com/muslim:13,,,,,no_text_or_inbook_match,LEFT_EMPTY_UNVERIFIED,collection_ok=True inbook=1:12 narrated=None links=4
Sahih Muslim,muslim,14,https://sunnah.com/muslim:14,,,,,no_text_or_inbook_match,LEFT_EMPTY_UNVERIFIED,collection_ok=True inbook=1:14 narrated=None links=6
Sahih Muslim,muslim,16,https://sunnah.com/muslim:16,,,,,no_text_or_inbook_match,LEFT_EMPTY_UNVERIFIED,collection_ok=True inbook=1:19 narrated=None links=4
Sahih Muslim,muslim,17,https://sunnah.com/muslim:17,,,,,no_text_or_inbook_match,LEFT_EMPTY_UNVERIFIED,collection_ok=True inbook=1:23 narrated=None links=6
Sahih Muslim,muslim,18,https://sunnah.com/muslim:18,,,,,no_text_or_inbook_match,LEFT_EMPTY_UNVERIFIED,collection_ok=True inbook=1:26 narrated=None links=6
Sahih Muslim,muslim,19,https://sunnah.com/muslim:19,,,,,no_text_or_inbook_match,LEFT_EMPTY_UNVERIFIED,collection_ok=True inbook=1:29 narrated=None links=8
Sahih Muslim,muslim,20,https://sunnah.com/muslim:20,,,,,no_text_or_inbook_match,LEFT_EMPTY_UNVERIFIED,collection_ok=True inbook=1:32 narrated=None links=7
Sahih Muslim,muslim,21,https://sunnah.com/muslim:21,,,,,no_text_or_inbook_match,LEFT_EMPTY_UNVERIFIED,collection_ok=True inbook=1:33 narrated=None links=7
Sahih Muslim,muslim,22,https://sunnah.com/muslim:22,,,,,no_text_or_inbook_match,LEFT_EMPTY_UNVERIFIED,collection_ok=True inbook=1:36 narrated=None links=4
Sahih Muslim,muslim,23,https://sunnah.com/muslim:23,,,,,no_text_or_inbook_match,LEFT_EMPTY_UNVERIFIED,collection_ok=True inbook=1:37 narrated=None links=4
Sahih Muslim,muslim,24,https://sunnah.com/muslim:24,,,,,no_text_or_inbook_match,LEFT_EMPTY_UNVERIFIED,collection_ok=True inbook=1:39 narrated=None links=5
Sahih Muslim,muslim,25,https://sunnah.com/muslim:25,,,,,no_text_or_inbook_match,LEFT_EMPTY_UNVERIFIED,collection_ok=True inbook=1:41 narrated=None links=4
Sahih Muslim,muslim,26,https://sunnah.com/muslim:26,,,,,no_text_or_inbook_match,LEFT_EMPTY_UNVERIFIED,collection_ok=True inbook=1:43 narrated=None links=7
Sahih Muslim,muslim,27,https://sunnah.com/muslim:27,,,,,no_text_or_inbook_match,LEFT_EMPTY_UNVERIFIED,collection_ok=True inbook=1:45 narrated=None links=7
Sahih Muslim,muslim,28,https://sunnah.com/muslim:28,,,,,no_text_or_inbook_match,LEFT_EMPTY_UNVERIFIED,collection_ok=True inbook=1:47 narrated=None links=6
Sahih Muslim,muslim,29,https://sunnah.com/muslim:29,,,,,no_text_or_inbook_match,LEFT_EMPTY_UNVERIFIED,collection_ok=True inbook=1:49 narrated=None links=5
Sahih Muslim,muslim,30,https://sunnah.com/muslim:30,,,,,no_text_or_inbook_match,LEFT_EMPTY_UNVERIFIED,collection_ok=True inbook=1:50 narrated=None links=5
Sahih Muslim,muslim,31,https://sunnah.com/muslim:31,,,,,no_text_or_inbook_match,LEFT_EMPTY_UNVERIFIED,collection_ok=True inbook=1:54 narrated=None links=5
Sahih Muslim,muslim,32,https://sunnah.com/muslim:32,,,,,no_text_or_inbook_match,LEFT_EMPTY_UNVERIFIED,collection_ok=True inbook=1:55 narrated=None links=5
Sahih Muslim,muslim,33,https://sunnah.com/muslim:33,,,,,no_text_or_inbook_match,LEFT_EMPTY_UNVERIFIED,collection_ok=True inbook=1:56 narrated=None links=6
Sahih Muslim,muslim,34,https://sunnah.com/muslim:34,,,,,no_text_or_inbook_match,LEFT_EMPTY_UNVERIFIED,collection_ok=True inbook=1:58 narrated=None links=4
Sahih Muslim,muslim,35,https://sunnah.com/muslim:35,,,,,no_text_or_inbook_match,LEFT_EMPTY_UNVERIFIED,collection_ok=True inbook=1:59 narrated=None links=7
Sahih Muslim,muslim,36,https://sunnah.com/muslim:36,,,,,no_text_or_inbook_match,LEFT_EMPTY_UNVERIFIED,collection_ok=True inbook=1:61 narrated=None links=5
Sahih Muslim,muslim,37,https://sunnah.com/muslim:37,,,,,no_text_or_inbook_match,LEFT_EMPTY_UNVERIFIED,collection_ok=True inbook=1:63 narrated=None links=4
Sahih Muslim,muslim,38,https://sunnah.com/muslim:38,,,,,no_text_or_inbook_match,LEFT_EMPTY_UNVERIFIED,collection_ok=True inbook=1:66 narrated=None links=9
Sahih Muslim,muslim,39,https://sunnah.com/muslim:39,,,,,no_text_or_inbook_match,LEFT_EMPTY_UNVERIFIED,collection_ok=True inbook=1:67 narrated=None links=5
Sahih Muslim,muslim,40,https://sunnah.com/muslim:40,,,,,no_text_or_inbook_match,LEFT_EMPTY_UNVERIFIED,collection_ok=True inbook=1:68 narrated=None links=6
Sahih Muslim,muslim,41,https://sunnah.com/muslim:41,,,,,no_text_or_inbook_match,LEFT_EMPTY_UNVERIFIED,collection_ok=True inbook=1:69 narrated=None links=4
Sahih Muslim,muslim,42,https://sunnah.com/muslim:42,,,,,no_text_or_inbook_match,LEFT_EMPTY_UNVERIFIED,collection_ok=True inbook=1:70 narrated=None links=5
Sahih Muslim,muslim,43,https://sunnah.com/muslim:43,,,,,no_text_or_inbook_match,LEFT_EMPTY_UNVERIFIED,collection_ok=True inbook=1:72 narrated=None links=5
Sahih Muslim,muslim,44,https://sunnah.com/muslim:44,,,,,no_text_or_inbook_match,LEFT_EMPTY_UNVERIFIED,collection_ok=True inbook=1:75 narrated=None links=6
Sahih Muslim,muslim,45,https://sunnah.com/muslim:45,,,,,no_text_or_inbook_match,LEFT_EMPTY_UNVERIFIED,collection_ok=True inbook=1:77 narrated=None links=3
Sahih Muslim,muslim,46,https://sunnah.com/muslim:46,,,,,no_text_or_inbook_match,LEFT_EMPTY_UNVERIFIED,collection_ok=True inbook=1:79 narrated=None links=7
Sahih Muslim,muslim,47,https://sunnah.com/muslim:47,,,,,no_text_or_inbook_match,LEFT_EMPTY_UNVERIFIED,collection_ok=True inbook=1:80 narrated=None links=5
Sahih Muslim,muslim,48,https://sunnah.com/muslim:48,,,,,no_text_or_inbook_match,LEFT_EMPTY_UNVERIFIED,collection_ok=True inbook=1:83 narrated=None links=5
Sahih Muslim,muslim,49,https://sunnah.com/muslim:49,,,,,no_text_or_inbook_match,LEFT_EMPTY_UNVERIFIED,collection_ok=True inbook=1:84 narrated=None links=7
Sahih Muslim,muslim,50,https://sunnah.com/muslim:50,,,,,no_text_or_inbook_match,LEFT_EMPTY_UNVERIFIED,collection_ok=True inbook=1:86 narrated=None links=10
Sahih Muslim,muslim,51,https://sunnah.com/muslim:51,,,,,no_text_or_inbook_match,LEFT_EMPTY_UNVERIFIED,collection_ok=True inbook=1:88 narrated=None links=9
Sahih Muslim,muslim,52,https://sunnah.com/muslim:52,,,,,no_text_or_inbook_match,LEFT_EMPTY_UNVERIFIED,collection_ok=True inbook=1:89 narrated=None links=4
Sahih Muslim,muslim,53,https://sunnah.com/muslim:53,,,,,no_text_or_inbook_match,LEFT_EMPTY_UNVERIFIED,collection_ok=True inbook=1:100 narrated=None links=4
Sahih Muslim,muslim,54,https://sunnah.com/muslim:54,,,,,no_text_or_inbook_match,LEFT_EMPTY_UNVERIFIED,collection_ok=True inbook=1:101 narrated=None links=5
Sahih Muslim,muslim,55,https://sunnah.com/muslim:55,,,,,no_text_or_inbook_match,LEFT_EMPTY_UNVERIFIED,collection_ok=True inbook=1:103 narrated=None links=8
Sahih Muslim,muslim,56,https://sunnah.com/muslim:56,,,,,local_empty_cannot_verify_without_inbook,LEFT_EMPTY_UNVERIFIED,collection_ok=True inbook=1:106 narrated=None links=6
Sahih Muslim,muslim,57,https://sunnah.com/muslim:57,,,,,local_empty_cannot_verify_without_inbook,LEFT_EMPTY_UNVERIFIED,collection_ok=True inbook=1:109 narrated=None links=8
Sahih Muslim,muslim,58,https://sunnah.com/muslim:58,,,,,local_empty_cannot_verify_without_inbook,LEFT_EMPTY_UNVERIFIED,collection_ok=True inbook=1:116 narrated=None links=9
Sahih Muslim,muslim,59,https://sunnah.com/muslim:59,,,,,local_empty_cannot_verify_without_inbook,LEFT_EMPTY_UNVERIFIED,collection_ok=True inbook=1:117 narrated=None links=6
Sahih Muslim,muslim,60,https://sunnah.com/muslim:60,,,,,local_empty_cannot_verify_without_inbook,LEFT_EMPTY_UNVERIFIED,collection_ok=True inbook=1:121 narrated=None links=5
Sahih Muslim,muslim,61,https://sunnah.com/muslim:61,,,,,local_empty_cannot_verify_without_inbook,LEFT_EMPTY_UNVERIFIED,collection_ok=True inbook=1:123 narrated=None links=8
Sahih Muslim,muslim,62,https://sunnah.com/muslim:62,,,,,local_empty_cannot_verify_without_inbook,LEFT_EMPTY_UNVERIFIED,collection_ok=True inbook=1:124 narrated=None links=6
Sahih Muslim,muslim,63,https://sunnah.com/muslim:63,,,,,local_empty_cannot_verify_without_inbook,LEFT_EMPTY_UNVERIFIED,collection_ok=True inbook=1:125 narrated=None links=4
Sahih Muslim,muslim,64,https://sunnah.com/muslim:64,,,,,local_empty_cannot_verify_without_inbook,LEFT_EMPTY_UNVERIFIED,collection_ok=True inbook=1:127 narrated=None links=7
Sahih Muslim,muslim,65,https://sunnah.com/muslim:65,,,,,local_empty_cannot_verify_without_inbook,LEFT_EMPTY_UNVERIFIED,collection_ok=True inbook=1:129 narrated=None links=7
Sahih Muslim,muslim,66,https://sunnah.com/muslim:66,,,,,local_empty_cannot_verify_without_inbook,LEFT_EMPTY_UNVERIFIED,collection_ok=True inbook=1:130 narrated=None links=4
Sahih Muslim,muslim,67,https://sunnah.com/muslim:67,,,,,local_empty_cannot_verify_without_inbook,LEFT_EMPTY_UNVERIFIED,collection_ok=True inbook=1:133 narrated=None links=5
Sahih Muslim,muslim,68,https://sunnah.com/muslim:68,,,,,local_empty_cannot_verify_without_inbook,LEFT_EMPTY_UNVERIFIED,collection_ok=True inbook=1:134 narrated=None links=5
Sahih Muslim,muslim,69,https://sunnah.com/muslim:69,,,,,local_empty_cannot_verify_without_inbook,LEFT_EMPTY_UNVERIFIED,collection_ok=True inbook=1:135 narrated=None links=5
Sahih Muslim,muslim,70,https://sunnah.com/muslim:70,,,,,local_empty_cannot_verify_without_inbook,LEFT_EMPTY_UNVERIFIED,collection_ok=True inbook=1:136 narrated=None links=5
Sahih Muslim,muslim,71,https://sunnah.com/muslim:71,,,,,local_empty_cannot_verify_without_inbook,LEFT_EMPTY_UNVERIFIED,collection_ok=True inbook=1:137 narrated=None links=5
Sahih Muslim,muslim,72,https://sunnah.com/muslim:72,,,,,local_empty_cannot_verify_without_inbook,LEFT_EMPTY_UNVERIFIED,collection_ok=True inbook=1:138 narrated=None links=6
Sahih Muslim,muslim,73,https://sunnah.com/muslim:73,,,,,local_empty_cannot_verify_without_inbook,LEFT_EMPTY_UNVERIFIED,collection_ok=True inbook=1:140 narrated=None links=4
Sahih Muslim,muslim,74,https://sunnah.com/muslim:74,,,,,local_empty_cannot_verify_without_inbook,LEFT_EMPTY_UNVERIFIED,collection_ok=True inbook=1:141 narrated=None links=4
Sahih Muslim,muslim,75,https://sunnah.com/muslim:75,,,,,local_empty_cannot_verify_without_inbook,LEFT_EMPTY_UNVERIFIED,collection_ok=True inbook=1:143 narrated=None links=6
Sahih Muslim,muslim,76,https://sunnah.com/muslim:76,,,,,local_empty_cannot_verify_without_inbook,LEFT_EMPTY_UNVERIFIED,collection_ok=True inbook=1:144 narrated=None links=5
Sahih Muslim,muslim,77,https://sunnah.com/muslim:77,,,,,local_empty_cannot_verify_without_inbook,LEFT_EMPTY_UNVERIFIED,collection_ok=True inbook=1:145 narrated=None links=7
Sahih Muslim,muslim,78,https://sunnah.com/muslim:78,,,,,local_empty_cannot_verify_without_inbook,LEFT_EMPTY_UNVERIFIED,collection_ok=True inbook=1:146 narrated=None links=7
Sahih Muslim,muslim,79,https://sunnah.com/muslim:79,,,,,local_empty_cannot_verify_without_inbook,LEFT_EMPTY_UNVERIFIED,collection_ok=True inbook=1:147 narrated=None links=4
Sahih Muslim,muslim,80,https://sunnah.com/muslim:80,,,,,local_empty_cannot_verify_without_inbook,LEFT_EMPTY_UNVERIFIED,collection_ok=True inbook=1:149 narrated=None links=5
Sahih Muslim,muslim,81,https://sunnah.com/muslim:81,,,,,local_empty_cannot_verify_without_inbook,LEFT_EMPTY_UNVERIFIED,collection_ok=True inbook=1:151 narrated=None links=4
Sahih Muslim,muslim,82,https://sunnah.com/muslim:82,,,,,local_empty_cannot_verify_without_inbook,LEFT_EMPTY_UNVERIFIED,collection_ok=True inbook=1:153 narrated=None links=6
Sahih Muslim,muslim,83,https://sunnah.com/muslim:83,,,,,local_empty_cannot_verify_without_inbook,LEFT_EMPTY_UNVERIFIED,collection_ok=True inbook=1:155 narrated=None links=7
Sahih Muslim,muslim,84,https://sunnah.com/muslim:84,,,,,local_empty_cannot_verify_without_inbook,LEFT_EMPTY_UNVERIFIED,collection_ok=True inbook=1:156 narrated=None links=7
Sahih Muslim,muslim,85,https://sunnah.com/muslim:85,,,,,local_empty_cannot_verify_without_inbook,LEFT_EMPTY_UNVERIFIED,collection_ok=True inbook=1:158 narrated=None links=6
Sahih Muslim,muslim,86,https://sunnah.com/muslim:86,,,,,local_empty_cannot_verify_without_inbook,LEFT_EMPTY_UNVERIFIED,collection_ok=True inbook=1:163 narrated=None links=7
Sahih Muslim,muslim,87,https://sunnah.com/muslim:87,,,,,local_empty_cannot_verify_without_inbook,LEFT_EMPTY_UNVERIFIED,collection_ok=True inbook=1:165 narrated=None links=4
Sahih Muslim,muslim,88,https://sunnah.com/muslim:88,,,,,local_empty_cannot_verify_without_inbook,LEFT_EMPTY_UNVERIFIED,collection_ok=True inbook=1:166 narrated=None links=5
Sahih Muslim,muslim,89,https://sunnah.com/muslim:89,,,,,local_empty_cannot_verify_without_inbook,LEFT_EMPTY_UNVERIFIED,collection_ok=True inbook=1:168 narrated=None links=6
Sahih Muslim,muslim,90,https://sunnah.com/muslim:90,,,,,local_empty_cannot_verify_without_inbook,LEFT_EMPTY_UNVERIFIED,collection_ok=True inbook=1:169 narrated=None links=6
Sahih Muslim,muslim,91,https://sunnah.com/muslim:91,,,,,local_empty_cannot_verify_without_inbook,LEFT_EMPTY_UNVERIFIED,collection_ok=True inbook=1:171 narrated=None links=8
Sahih Muslim,muslim,92,https://sunnah.com/muslim:92,,,,,local_empty_cannot_verify_without_inbook,LEFT_EMPTY_UNVERIFIED,collection_ok=True inbook=1:174 narrated=None links=5
Sahih Muslim,muslim,128,https://sunnah.com/muslim:128,,,أبو هريرة الدوسي,sunnah_arabic_isnad_last_link,inbook_ref_match_with_local_content,IMPORTED,Verified via inbook_ref_match_with_local_content; sunnah in-book Book 1 Hadith 241
Sahih Muslim,muslim,209,https://sunnah.com/muslim:209,,,العباس بن عبد المطلب الهاشمي,sunnah_arabic_isnad_last_link,inbook_ref_match_with_local_content,IMPORTED,Verified via inbook_ref_match_with_local_content; sunnah in-book Book 1 Hadith 416
Sahih Muslim,muslim,248,https://sunnah.com/muslim:248,,,,,no_text_or_inbook_match,LEFT_EMPTY_UNVERIFIED,collection_ok=True inbook=2:50 narrated=None links=5
Sahih Muslim,muslim,384,https://sunnah.com/muslim:384,,,,,no_text_or_inbook_match,LEFT_EMPTY_UNVERIFIED,collection_ok=True inbook=4:13 narrated=None links=6
Sahih Muslim,muslim,388,https://sunnah.com/muslim:388,,,,,no_text_or_inbook_match,LEFT_EMPTY_UNVERIFIED,collection_ok=True inbook=4:17 narrated=None links=7
Sahih Muslim,muslim,637,https://sunnah.com/muslim:637,,,,,no_text_or_inbook_match,LEFT_EMPTY_UNVERIFIED,collection_ok=True inbook=5:274 narrated=None links=4
Sahih Muslim,muslim,638,https://sunnah.com/muslim:638,,,,,no_text_or_inbook_match,LEFT_EMPTY_UNVERIFIED,collection_ok=True inbook=5:276 narrated=None links=6
Sahih Muslim,muslim,794,https://sunnah.com/muslim:794,,,,,no_text_or_inbook_match,LEFT_EMPTY_UNVERIFIED,collection_ok=True inbook=6:281 narrated=None links=6
Sahih Muslim,muslim,852,https://sunnah.com/muslim:852,,,,,no_text_or_inbook_match,LEFT_EMPTY_UNVERIFIED,collection_ok=True inbook=7:19 narrated=None links=6
Sahih Muslim,muslim,853,https://sunnah.com/muslim:853,,,,,no_text_or_inbook_match,LEFT_EMPTY_UNVERIFIED,collection_ok=True inbook=7:25 narrated=None links=9
Sahih Muslim,muslim,881,https://sunnah.com/muslim:881,,,,,no_text_or_inbook_match,LEFT_EMPTY_UNVERIFIED,collection_ok=True inbook=7:86 narrated=None links=5
Sahih Muslim,muslim,1221,https://sunnah.com/muslim:1221,,,,,no_text_or_inbook_match,LEFT_EMPTY_UNVERIFIED,collection_ok=True inbook=15:166 narrated=None links=5
Sahih Muslim,muslim,1222,https://sunnah.com/muslim:1222,,,,,no_text_or_inbook_match,LEFT_EMPTY_UNVERIFIED,collection_ok=True inbook=15:170 narrated=None links=6
Sahih Muslim,muslim,1251,https://sunnah.com/muslim:1251,,,,,no_text_or_inbook_match,LEFT_EMPTY_UNVERIFIED,collection_ok=True inbook=None:None narrated=None links=0
Sahih Muslim,muslim,1332,https://sunnah.com/muslim:1332,,,,,no_text_or_inbook_match,LEFT_EMPTY_UNVERIFIED,collection_ok=True inbook=15:443 narrated=None links=4
Sahih Muslim,muslim,1351,https://sunnah.com/muslim:1351,,,,,no_text_or_inbook_match,LEFT_EMPTY_UNVERIFIED,collection_ok=True inbook=15:498 narrated=None links=7
Sahih Muslim,muslim,1355,https://sunnah.com/muslim:1355,,,,,no_text_or_inbook_match,LEFT_EMPTY_UNVERIFIED,collection_ok=True inbook=15:509 narrated=None links=7
Sahih Muslim,muslim,1366,https://sunnah.com/muslim:1366,,,,,no_text_or_inbook_match,LEFT_EMPTY_UNVERIFIED,collection_ok=True inbook=15:527 narrated=None links=4
Sahih Muslim,muslim,1428,https://sunnah.com/muslim:1428,,,,,no_text_or_inbook_match,LEFT_EMPTY_UNVERIFIED,collection_ok=True inbook=16:103 narrated=None links=1
Sahih Muslim,muslim,1429,https://sunnah.com/muslim:1429,,,,,no_text_or_inbook_match,LEFT_EMPTY_UNVERIFIED,collection_ok=True inbook=16:112 narrated=None links=4
Sahih Muslim,muslim,1648,https://sunnah.com/muslim:1648,,,,,no_text_or_inbook_match,LEFT_EMPTY_UNVERIFIED,collection_ok=True inbook=27:9 narrated=None links=5
Sahih Muslim,muslim,1719,https://sunnah.com/muslim:1719,,,,,no_text_or_inbook_match,LEFT_EMPTY_UNVERIFIED,collection_ok=True inbook=30:25 narrated=None links=7
Sahih Muslim,muslim,1778,https://sunnah.com/muslim:1778,,,,,no_text_or_inbook_match,LEFT_EMPTY_UNVERIFIED,collection_ok=True inbook=32:102 narrated=None links=6
Sahih Muslim,muslim,2295,https://sunnah.com/muslim:2295,,,,,no_text_or_inbook_match,LEFT_EMPTY_UNVERIFIED,collection_ok=True inbook=43:35 narrated=None links=6
Sahih Muslim,muslim,2339,https://sunnah.com/muslim:2339,,,,,no_text_or_inbook_match,LEFT_EMPTY_UNVERIFIED,collection_ok=True inbook=43:128 narrated=None links=3
Sahih Muslim,muslim,2381,https://sunnah.com/muslim:2381,,,,,no_text_or_inbook_match,LEFT_EMPTY_UNVERIFIED,collection_ok=True inbook=44:1 narrated=None links=8
Sahih Muslim,muslim,2810,https://sunnah.com/muslim:2810,,,,,no_text_or_inbook_match,LEFT_EMPTY_UNVERIFIED,collection_ok=True inbook=52:48 narrated=None links=6
Sahih Muslim,muslim,3038,https://sunnah.com/muslim:3038,,,,,no_text_or_inbook_match,LEFT_EMPTY_UNVERIFIED,collection_ok=True inbook=None:None narrated=None links=0
Sahih Muslim,muslim,3039,https://sunnah.com/muslim:3039,,,,,no_text_or_inbook_match,LEFT_EMPTY_UNVERIFIED,collection_ok=True inbook=None:None narrated=None links=0
Sahih Muslim,muslim,3262,https://sunnah.com/muslim:3262,,,,,no_text_or_inbook_match,LEFT_EMPTY_UNVERIFIED,collection_ok=True inbook=None:None narrated=None links=0
Sahih Muslim,muslim,3463,https://sunnah.com/muslim:3463,,,,,no_text_or_inbook_match,LEFT_EMPTY_UNVERIFIED,collection_ok=True inbook=None:None narrated=None links=0
Sahih Muslim,muslim,3525,https://sunnah.com/muslim:3525,,,,,no_text_or_inbook_match,LEFT_EMPTY_UNVERIFIED,collection_ok=True inbook=None:None narrated=None links=0
Sahih Muslim,muslim,3836,https://sunnah.com/muslim:3836,,,,,no_text_or_inbook_match,LEFT_EMPTY_UNVERIFIED,collection_ok=True inbook=None:None narrated=None links=0
Sahih Muslim,muslim,3845,https://sunnah.com/muslim:3845,,,,,no_text_or_inbook_match,LEFT_EMPTY_UNVERIFIED,collection_ok=True inbook=None:None narrated=None links=0
Sahih Muslim,muslim,3846,https://sunnah.com/muslim:3846,,,,,no_text_or_inbook_match,LEFT_EMPTY_UNVERIFIED,collection_ok=True inbook=None:None narrated=None links=0
Sahih Muslim,muslim,4436,https://sunnah.com/muslim:4436,,,,,no_text_or_inbook_match,LEFT_EMPTY_UNVERIFIED,collection_ok=True inbook=None:None narrated=None links=0
Sahih Muslim,muslim,5114,https://sunnah.com/muslim:5114,,,,,no_text_or_inbook_match,LEFT_EMPTY_UNVERIFIED,collection_ok=True inbook=None:None narrated=None links=0
Sahih Muslim,muslim,5115,https://sunnah.com/muslim:5115,,,,,no_text_or_inbook_match,LEFT_EMPTY_UNVERIFIED,collection_ok=True inbook=None:None narrated=None links=0
Sahih Muslim,muslim,5214,https://sunnah.com/muslim:5214,,,,,no_text_or_inbook_match,LEFT_EMPTY_UNVERIFIED,collection_ok=True inbook=None:None narrated=None links=0
Sahih Muslim,muslim,5384,https://sunnah.com/muslim:5384,,,,,no_text_or_inbook_match,LEFT_EMPTY_UNVERIFIED,collection_ok=True inbook=None:None narrated=None links=0
Sahih Muslim,muslim,5393,https://sunnah.com/muslim:5393,,,,,no_text_or_inbook_match,LEFT_EMPTY_UNVERIFIED,collection_ok=True inbook=None:None narrated=None links=0
Sahih Muslim,muslim,5541,https://sunnah.com/muslim:5541,,,,,local_empty_cannot_verify_without_inbook,LEFT_EMPTY_UNVERIFIED,collection_ok=True inbook=None:None narrated=None links=0
Sahih Muslim,muslim,5542,https://sunnah.com/muslim:5542,,,,,local_empty_cannot_verify_without_inbook,LEFT_EMPTY_UNVERIFIED,collection_ok=True inbook=None:None narrated=None links=0
Sahih Muslim,muslim,5543,https://sunnah.com/muslim:5543,,,,,local_empty_cannot_verify_without_inbook,LEFT_EMPTY_UNVERIFIED,collection_ok=True inbook=None:None narrated=None links=0
Sahih Muslim,muslim,5544,https://sunnah.com/muslim:5544,,,,,local_empty_cannot_verify_without_inbook,LEFT_EMPTY_UNVERIFIED,collection_ok=True inbook=None:None narrated=None links=0
Sahih Muslim,muslim,5545,https://sunnah.com/muslim:5545,,,,,local_empty_cannot_verify_without_inbook,LEFT_EMPTY_UNVERIFIED,collection_ok=True inbook=None:None narrated=None links=0
Sahih Muslim,muslim,5637,https://sunnah.com/muslim:5637,,,,,no_text_or_inbook_match,LEFT_EMPTY_UNVERIFIED,collection_ok=True inbook=None:None narrated=None links=0
Sahih Muslim,muslim,5995,https://sunnah.com/muslim:5995,,,,,no_text_or_inbook_match,LEFT_EMPTY_UNVERIFIED,collection_ok=True inbook=None:None narrated=None links=0
Sahih Muslim,muslim,5996,https://sunnah.com/muslim:5996,,,,,local_empty_cannot_verify_without_inbook,LEFT_EMPTY_UNVERIFIED,collection_ok=True inbook=None:None narrated=None links=0
Sahih Muslim,muslim,5997,https://sunnah.com/muslim:5997,,,,,local_empty_cannot_verify_without_inbook,LEFT_EMPTY_UNVERIFIED,collection_ok=True inbook=None:None narrated=None links=0
Sahih Muslim,muslim,5998,https://sunnah.com/muslim:5998,,,,,local_empty_cannot_verify_without_inbook,LEFT_EMPTY_UNVERIFIED,collection_ok=True inbook=None:None narrated=None links=0
Sahih Muslim,muslim,5999,https://sunnah.com/muslim:5999,,,,,local_empty_cannot_verify_without_inbook,LEFT_EMPTY_UNVERIFIED,collection_ok=True inbook=None:None narrated=None links=0
Sahih Muslim,muslim,6000,https://sunnah.com/muslim:6000,,,,,local_empty_cannot_verify_without_inbook,LEFT_EMPTY_UNVERIFIED,collection_ok=True inbook=None:None narrated=None links=0
Sahih Muslim,muslim,6001,https://sunnah.com/muslim:6001,,,,,local_empty_cannot_verify_without_inbook,LEFT_EMPTY_UNVERIFIED,collection_ok=True inbook=None:None narrated=None links=0
Sahih Muslim,muslim,6002,https://sunnah.com/muslim:6002,,,,,local_empty_cannot_verify_without_inbook,LEFT_EMPTY_UNVERIFIED,collection_ok=True inbook=None:None narrated=None links=0
Sahih Muslim,muslim,6003,https://sunnah.com/muslim:6003,,,,,local_empty_cannot_verify_without_inbook,LEFT_EMPTY_UNVERIFIED,collection_ok=True inbook=None:None narrated=None links=0
Sahih Muslim,muslim,6144,https://sunnah.com/muslim:6144,,,,,no_text_or_inbook_match,LEFT_EMPTY_UNVERIFIED,collection_ok=True inbook=None:None narrated=None links=0
Sahih Muslim,muslim,6527,https://sunnah.com/muslim:6527,,,,,no_text_or_inbook_match,LEFT_EMPTY_UNVERIFIED,collection_ok=True inbook=None:None narrated=None links=0
Sahih Muslim,muslim,6528,https://sunnah.com/muslim:6528,,,,,no_text_or_inbook_match,LEFT_EMPTY_UNVERIFIED,collection_ok=True inbook=None:None narrated=None links=0
Sahih Muslim,muslim,6529,https://sunnah.com/muslim:6529,,,,,no_text_or_inbook_match,LEFT_EMPTY_UNVERIFIED,collection_ok=True inbook=None:None narrated=None links=0
Sahih Muslim,muslim,6574,https://sunnah.com/muslim:6574,"This hadith is also transmitted through Ibna Bashr and Muhammad bin Muhammad through Abu Mashur through the same chain, ",قَالَ أَبُو إِسْحَاقَ حَدَّثَنَا بِهَذَا الْحَدِيثِ الْحَسَنُ، وَالْحُسَيْنُ، اب,,,no_text_or_inbook_match,LEFT_EMPTY_UNVERIFIED,collection_ok=True inbook=None:None narrated=None links=0
Sahih Muslim,muslim,6701,https://sunnah.com/muslim:6701,,,,,no_text_or_inbook_match,LEFT_EMPTY_UNVERIFIED,collection_ok=True inbook=None:None narrated=None links=0
Sahih Muslim,muslim,6702,https://sunnah.com/muslim:6702,,,,,no_text_or_inbook_match,LEFT_EMPTY_UNVERIFIED,collection_ok=True inbook=None:None narrated=None links=0
Sahih Muslim,muslim,6792,https://sunnah.com/muslim:6792,,,,,no_text_or_inbook_match,LEFT_EMPTY_UNVERIFIED,collection_ok=True inbook=None:None narrated=None links=0
Sahih Muslim,muslim,6844,https://sunnah.com/muslim:6844,,,,,no_text_or_inbook_match,LEFT_EMPTY_UNVERIFIED,collection_ok=True inbook=None:None narrated=None links=0
Sahih Muslim,muslim,6845,https://sunnah.com/muslim:6845,,,,,no_text_or_inbook_match,LEFT_EMPTY_UNVERIFIED,collection_ok=True inbook=None:None narrated=None links=0
Sahih Muslim,muslim,7016,https://sunnah.com/muslim:7016,,,,,local_empty_cannot_verify_without_inbook,LEFT_EMPTY_UNVERIFIED,collection_ok=True inbook=None:None narrated=None links=0
Sahih Muslim,muslim,7020,https://sunnah.com/muslim:7020,,,,,local_empty_cannot_verify_without_inbook,LEFT_EMPTY_UNVERIFIED,collection_ok=True inbook=None:None narrated=None links=0
Sahih Muslim,muslim,7144,https://sunnah.com/muslim:7144,,,,,no_text_or_inbook_match,LEFT_EMPTY_UNVERIFIED,collection_ok=True inbook=None:None narrated=None links=0
Sahih Muslim,muslim,7256,https://sunnah.com/muslim:7256,,,,,no_text_or_inbook_match,LEFT_EMPTY_UNVERIFIED,collection_ok=True inbook=None:None narrated=None links=0
Sahih Muslim,muslim,7301,https://sunnah.com/muslim:7301,,,,,no_text_or_inbook_match,LEFT_EMPTY_UNVERIFIED,collection_ok=True inbook=None:None narrated=None links=0
Sahih Muslim,muslim,7317,https://sunnah.com/muslim:7317,,,,,no_text_or_inbook_match,LEFT_EMPTY_UNVERIFIED,collection_ok=True inbook=None:None narrated=None links=0
Sahih Muslim,muslim,7325,https://sunnah.com/muslim:7325,,,,,no_text_or_inbook_match,LEFT_EMPTY_UNVERIFIED,collection_ok=True inbook=None:None narrated=None links=0
Sahih Muslim,muslim,7329,https://sunnah.com/muslim:7329,,,,,no_text_or_inbook_match,LEFT_EMPTY_UNVERIFIED,collection_ok=True inbook=None:None narrated=None links=0
Sahih Muslim,muslim,7330,https://sunnah.com/muslim:7330,,,,,no_text_or_inbook_match,LEFT_EMPTY_UNVERIFIED,collection_ok=True inbook=None:None narrated=None links=0
Sahih Muslim,muslim,7331,https://sunnah.com/muslim:7331,,,,,local_empty_cannot_verify_without_inbook,LEFT_EMPTY_UNVERIFIED,collection_ok=True inbook=None:None narrated=None links=0
Sahih Muslim,muslim,7332,https://sunnah.com/muslim:7332,,,,,local_empty_cannot_verify_without_inbook,LEFT_EMPTY_UNVERIFIED,collection_ok=True inbook=None:None narrated=None links=0
Sahih Muslim,muslim,7333,https://sunnah.com/muslim:7333,,,,,local_empty_cannot_verify_without_inbook,LEFT_EMPTY_UNVERIFIED,collection_ok=True inbook=None:None narrated=None links=0
Sahih Muslim,muslim,7334,https://sunnah.com/muslim:7334,,,,,local_empty_cannot_verify_without_inbook,LEFT_EMPTY_UNVERIFIED,collection_ok=True inbook=None:None narrated=None links=0
Sahih Muslim,muslim,7335,https://sunnah.com/muslim:7335,,,,,local_empty_cannot_verify_without_inbook,LEFT_EMPTY_UNVERIFIED,collection_ok=True inbook=None:None narrated=None links=0
Sahih Muslim,muslim,7336,https://sunnah.com/muslim:7336,,,,,local_empty_cannot_verify_without_inbook,LEFT_EMPTY_UNVERIFIED,collection_ok=True inbook=None:None narrated=None links=0
Sahih Muslim,muslim,7337,https://sunnah.com/muslim:7337,,,,,local_empty_cannot_verify_without_inbook,LEFT_EMPTY_UNVERIFIED,collection_ok=True inbook=None:None narrated=None links=0
Sahih Muslim,muslim,7338,https://sunnah.com/muslim:7338,,,,,local_empty_cannot_verify_without_inbook,LEFT_EMPTY_UNVERIFIED,collection_ok=True inbook=None:None narrated=None links=0
Sahih Muslim,muslim,7339,https://sunnah.com/muslim:7339,,,,,local_empty_cannot_verify_without_inbook,LEFT_EMPTY_UNVERIFIED,collection_ok=True inbook=None:None narrated=None links=0
Sahih Muslim,muslim,7340,https://sunnah.com/muslim:7340,,,,,local_empty_cannot_verify_without_inbook,LEFT_EMPTY_UNVERIFIED,collection_ok=True inbook=None:None narrated=None links=0
Sahih Muslim,muslim,7341,https://sunnah.com/muslim:7341,,,,,local_empty_cannot_verify_without_inbook,LEFT_EMPTY_UNVERIFIED,collection_ok=True inbook=None:None narrated=None links=0
Sahih Muslim,muslim,7342,https://sunnah.com/muslim:7342,,,,,local_empty_cannot_verify_without_inbook,LEFT_EMPTY_UNVERIFIED,collection_ok=True inbook=None:None narrated=None links=0
Sahih Muslim,muslim,7343,https://sunnah.com/muslim:7343,,,,,local_empty_cannot_verify_without_inbook,LEFT_EMPTY_UNVERIFIED,collection_ok=True inbook=None:None narrated=None links=0
Sahih Muslim,muslim,7371,https://sunnah.com/muslim:7371,,,,,no_text_or_inbook_match,LEFT_EMPTY_UNVERIFIED,collection_ok=True inbook=None:None narrated=None links=0
Sahih Muslim,muslim,7401,https://sunnah.com/muslim:7401,The previous hadith is narrated through Abu Kamil from Hammad with the same chain,وَحَدَّثَنِيهِ أَبُو كَامِلٍ، حَدَّثَنَا حَمَّادٌ، بِهَذَا الإِسْنَادِ نَحْوَهُ ,,,no_text_or_inbook_match,LEFT_EMPTY_UNVERIFIED,collection_ok=True inbook=None:None narrated=None links=0
Sahih Muslim,muslim,7447,https://sunnah.com/muslim:7447,,,,,local_empty_cannot_verify_without_inbook,LEFT_EMPTY_UNVERIFIED,collection_ok=True inbook=None:None narrated=None links=0
Sahih Muslim,muslim,7448,https://sunnah.com/muslim:7448,,,,,local_empty_cannot_verify_without_inbook,LEFT_EMPTY_UNVERIFIED,collection_ok=True inbook=None:None narrated=None links=0
Sahih Muslim,muslim,7449,https://sunnah.com/muslim:7449,,,,,local_empty_cannot_verify_without_inbook,LEFT_EMPTY_UNVERIFIED,collection_ok=True inbook=None:None narrated=None links=0
Sahih Muslim,muslim,7450,https://sunnah.com/muslim:7450,,,,,local_empty_cannot_verify_without_inbook,LEFT_EMPTY_UNVERIFIED,collection_ok=True inbook=None:None narrated=None links=0
Sahih Muslim,muslim,7451,https://sunnah.com/muslim:7451,,,,,local_empty_cannot_verify_without_inbook,LEFT_EMPTY_UNVERIFIED,collection_ok=True inbook=None:None narrated=None links=0
Sahih Muslim,muslim,7452,https://sunnah.com/muslim:7452,,,,,local_empty_cannot_verify_without_inbook,LEFT_EMPTY_UNVERIFIED,collection_ok=True inbook=None:None narrated=None links=0
Sahih Muslim,muslim,7453,https://sunnah.com/muslim:7453,,,,,local_empty_cannot_verify_without_inbook,LEFT_EMPTY_UNVERIFIED,collection_ok=True inbook=None:None narrated=None links=0
Sahih Muslim,muslim,7454,https://sunnah.com/muslim:7454,,,,,local_empty_cannot_verify_without_inbook,LEFT_EMPTY_UNVERIFIED,collection_ok=True inbook=None:None narrated=None links=0
Sahih Muslim,muslim,7455,https://sunnah.com/muslim:7455,,,,,local_empty_cannot_verify_without_inbook,LEFT_EMPTY_UNVERIFIED,collection_ok=True inbook=None:None narrated=None links=0
Sahih Muslim,muslim,7456,https://sunnah.com/muslim:7456,,,,,local_empty_cannot_verify_without_inbook,LEFT_EMPTY_UNVERIFIED,collection_ok=True inbook=None:None narrated=None links=0
Sahih Muslim,muslim,7457,https://sunnah.com/muslim:7457,,,,,local_empty_cannot_verify_without_inbook,LEFT_EMPTY_UNVERIFIED,collection_ok=True inbook=None:None narrated=None links=0
Sahih Muslim,muslim,7458,https://sunnah.com/muslim:7458,,,,,local_empty_cannot_verify_without_inbook,LEFT_EMPTY_UNVERIFIED,collection_ok=True inbook=None:None narrated=None links=0
Sahih Muslim,muslim,7459,https://sunnah.com/muslim:7459,,,,,local_empty_cannot_verify_without_inbook,LEFT_EMPTY_UNVERIFIED,collection_ok=True inbook=None:None narrated=None links=0
Sahih Muslim,muslim,7460,https://sunnah.com/muslim:7460,,,,,local_empty_cannot_verify_without_inbook,LEFT_EMPTY_UNVERIFIED,collection_ok=True inbook=None:None narrated=None links=0
Sahih Muslim,muslim,7461,https://sunnah.com/muslim:7461,,,,,local_empty_cannot_verify_without_inbook,LEFT_EMPTY_UNVERIFIED,collection_ok=True inbook=None:None narrated=None links=0
Sahih Muslim,muslim,7462,https://sunnah.com/muslim:7462,,,,,local_empty_cannot_verify_without_inbook,LEFT_EMPTY_UNVERIFIED,collection_ok=True inbook=None:None narrated=None links=0
Sahih Muslim,muslim,7463,https://sunnah.com/muslim:7463,,,,,local_empty_cannot_verify_without_inbook,LEFT_EMPTY_UNVERIFIED,collection_ok=True inbook=None:None narrated=None links=0
Sahih Muslim,muslim,7513,https://sunnah.com/muslim:7513,,,,,no_text_or_inbook_match,LEFT_EMPTY_UNVERIFIED,collection_ok=True inbook=None:None narrated=None links=0
Sahih Muslim,muslim,7514,https://sunnah.com/muslim:7514,,,,,no_text_or_inbook_match,LEFT_EMPTY_UNVERIFIED,collection_ok=True inbook=None:None narrated=None links=0
Sahih Muslim,muslim,7515,https://sunnah.com/muslim:7515,,,,,no_text_or_inbook_match,LEFT_EMPTY_UNVERIFIED,collection_ok=True inbook=None:None narrated=None links=0
Sahih Muslim,muslim,7516,https://sunnah.com/muslim:7516,,,,,no_text_or_inbook_match,LEFT_EMPTY_UNVERIFIED,collection_ok=True inbook=None:None narrated=None links=0
Sahih Muslim,muslim,7517,https://sunnah.com/muslim:7517,,,,,no_text_or_inbook_match,LEFT_EMPTY_UNVERIFIED,collection_ok=True inbook=None:None narrated=None links=0
Sahih Muslim,muslim,7518,https://sunnah.com/muslim:7518,,,,,no_text_or_inbook_match,LEFT_EMPTY_UNVERIFIED,collection_ok=True inbook=None:None narrated=None links=0
Sahih Muslim,muslim,7519,https://sunnah.com/muslim:7519,,,,,no_text_or_inbook_match,LEFT_EMPTY_UNVERIFIED,collection_ok=True inbook=None:None narrated=None links=0
Sahih Muslim,muslim,7520,https://sunnah.com/muslim:7520,,,,,no_text_or_inbook_match,LEFT_EMPTY_UNVERIFIED,collection_ok=True inbook=None:None narrated=None links=0
Sahih Muslim,muslim,7557,https://sunnah.com/muslim:7557,,,,,no_text_or_inbook_match,LEFT_EMPTY_UNVERIFIED,collection_ok=True inbook=None:None narrated=None links=0
Jami' at-Tirmidhi,tirmidhi,225,https://sunnah.com/tirmidhi:225,"Narrator not mentioned:And the Prophet said: ""If the people knew what (reward) is in the call (Adhan) and the first row,","وَقَالَ النَّبِيُّ صلى الله عليه وسلم ‏ ""‏ لَوْ أَنَّ النَّاسَ يَعْلَمُونَ مَا ف",أبو هريرة الدوسي,sunnah_arabic_isnad_last_link,text_and_inbook_match,IMPORTED,Verified via text_and_inbook_match; sunnah in-book Book 2 Hadith 77
Jami' at-Tirmidhi,tirmidhi,319,https://sunnah.com/tirmidhi:319,"It has been related that :the Prophet said: ""Whoever builds a Masjid for (the sake of) Allah, be it small or large, then","وَقَدْ رُوِيَ عَنِ النَّبِيِّ صلى الله عليه وسلم أَنَّهُ قَالَ ‏ ""‏ مَنْ بَنَى ل",أنس بن مالك الأنصاري,sunnah_arabic_isnad_last_link,text_and_inbook_match,IMPORTED,Verified via text_and_inbook_match; sunnah in-book Book 2 Hadith 171
Jami' at-Tirmidhi,tirmidhi,391,https://sunnah.com/tirmidhi:391,,,عبد الله بن مالك بن بحينة,sunnah_arabic_isnad_last_link,inbook_ref_match_empty_local_texts,IMPORTED,Verified via inbook_ref_match_empty_local_texts; sunnah in-book Book 2 Hadith 243
Jami' at-Tirmidhi,tirmidhi,455,https://sunnah.com/tirmidhi:455,,,,,local_empty_cannot_verify_without_inbook,LEFT_EMPTY_UNVERIFIED,collection_ok=True inbook=None:None narrated=None links=0
Jami' at-Tirmidhi,tirmidhi,457,https://sunnah.com/tirmidhi:457,,,جابر بن عبد الله الأنصاري,sunnah_arabic_isnad_last_link,inbook_ref_match_empty_local_texts,IMPORTED,Verified via inbook_ref_match_empty_local_texts; sunnah in-book Book 3 Hadith 4
Jami' at-Tirmidhi,tirmidhi,458,https://sunnah.com/tirmidhi:458,,,يحيى بن الجزار العرني,sunnah_arabic_isnad_last_link,inbook_ref_match_empty_local_texts,IMPORTED,Verified via inbook_ref_match_empty_local_texts; sunnah in-book Book 3 Hadith 6
Jami' at-Tirmidhi,tirmidhi,945,https://sunnah.com/tirmidhi:945,,,عائشة بنت أبي بكر الصديق,sunnah_arabic_isnad_last_link,inbook_ref_match_with_local_content,IMPORTED,Verified via inbook_ref_match_with_local_content; sunnah in-book Book 9 Hadith 138
Jami' at-Tirmidhi,tirmidhi,1205,https://sunnah.com/tirmidhi:1205,,,النعمان بن بشير الأنصاري,sunnah_arabic_isnad_last_link,inbook_ref_match_with_local_content,IMPORTED,Verified via inbook_ref_match_with_local_content; sunnah in-book Book 14 Hadith 1
Jami' at-Tirmidhi,tirmidhi,1208,https://sunnah.com/tirmidhi:1208,,,حبيب بن أبي ثابت الأسدي,sunnah_arabic_isnad_last_link,inbook_ref_match_with_local_content,IMPORTED,Verified via inbook_ref_match_with_local_content; sunnah in-book Book 14 Hadith 5
Jami' at-Tirmidhi,tirmidhi,1209,https://sunnah.com/tirmidhi:1209,,,أبو سعيد الخدري,sunnah_arabic_isnad_last_link,inbook_ref_match_with_local_content,IMPORTED,Verified via inbook_ref_match_with_local_content; sunnah in-book Book 14 Hadith 7
Jami' at-Tirmidhi,tirmidhi,1225,https://sunnah.com/tirmidhi:1225,,,'Abdullah bin Yazid,sunnah_narrated_label,inbook_ref_match_with_local_content,IMPORTED,Verified via inbook_ref_match_with_local_content; sunnah in-book Book 14 Hadith 24
Jami' at-Tirmidhi,tirmidhi,1227,https://sunnah.com/tirmidhi:1227,"With this (same as no. 1226) chain:""The Prophet (ﷺ) prohibited selling ears (of grain) until they have whitened (shown t",وَبِهَذَا الإِسْنَادِ أَنَّ النَّبِيَّ صلى الله عليه وسلم نَهَى عَنْ بَيْعِ السّ,,,text_and_inbook_match,LEFT_EMPTY_NO_RAVI_ON_PAGE,Verified same hadith/book but sunnah page has no extractable narrator
Jami' at-Tirmidhi,tirmidhi,1255,https://sunnah.com/tirmidhi:1255,,,Fadalah bin 'Ubaidah,sunnah_narrated_label,inbook_ref_match_with_local_content,IMPORTED,Verified via inbook_ref_match_with_local_content; sunnah in-book Book 14 Hadith 55
Jami' at-Tirmidhi,tirmidhi,1258,https://sunnah.com/tirmidhi:1258,,,'Urwah Al-Bariqi,sunnah_narrated_label,inbook_ref_match_with_local_content,IMPORTED,Verified via inbook_ref_match_with_local_content; sunnah in-book Book 14 Hadith 59
Jami' at-Tirmidhi,tirmidhi,1301,https://sunnah.com/tirmidhi:1301,,,Abu Hurairah,sunnah_narrated_label,inbook_ref_match_with_local_content,IMPORTED,Verified via inbook_ref_match_with_local_content; sunnah in-book Book 14 Hadith 103
Jami' at-Tirmidhi,tirmidhi,1317,https://sunnah.com/tirmidhi:1317,,,Abu Hurairah,sunnah_narrated_label,inbook_ref_match_with_local_content,IMPORTED,Verified via inbook_ref_match_with_local_content; sunnah in-book Book 14 Hadith 120
Jami' at-Tirmidhi,tirmidhi,1322,https://sunnah.com/tirmidhi:1322,,,عبد الله بن عمر العدوي,sunnah_arabic_isnad_last_link,inbook_ref_match_with_local_content,IMPORTED,Verified via inbook_ref_match_with_local_content; sunnah in-book Book 15 Hadith 1
Jami' at-Tirmidhi,tirmidhi,1365,https://sunnah.com/tirmidhi:1365,,,سمرة بن جندب الفزاري,sunnah_arabic_isnad_last_link,inbook_ref_match_with_local_content,IMPORTED,Verified via inbook_ref_match_with_local_content; sunnah in-book Book 15 Hadith 45
Jami' at-Tirmidhi,tirmidhi,1395,https://sunnah.com/tirmidhi:1395,,,'Abdullah bin 'Amr,sunnah_narrated_label,inbook_ref_match_with_local_content,IMPORTED,Verified via inbook_ref_match_with_local_content; sunnah in-book Book 16 Hadith 10
Jami' at-Tirmidhi,tirmidhi,1420,https://sunnah.com/tirmidhi:1420,,,'Abdullah bin 'Amr,sunnah_narrated_label,inbook_ref_match_with_local_content,IMPORTED,Verified via inbook_ref_match_with_local_content; sunnah in-book Book 16 Hadith 36
Jami' at-Tirmidhi,tirmidhi,1438,https://sunnah.com/tirmidhi:1438,,,Ibn 'Umar,sunnah_narrated_label,inbook_ref_match_with_local_content,IMPORTED,Verified via inbook_ref_match_with_local_content; sunnah in-book Book 17 Hadith 20
Jami' at-Tirmidhi,tirmidhi,1465,https://sunnah.com/tirmidhi:1465,,,'Adi bin Hatim,sunnah_narrated_label,inbook_ref_match_with_local_content,IMPORTED,Verified via inbook_ref_match_with_local_content; sunnah in-book Book 18 Hadith 2
Jami' at-Tirmidhi,tirmidhi,1471,https://sunnah.com/tirmidhi:1471,,,'Adi bin Hatim,sunnah_narrated_label,inbook_ref_match_with_local_content,IMPORTED,Verified via inbook_ref_match_with_local_content; sunnah in-book Book 18 Hadith 9
Jami' at-Tirmidhi,tirmidhi,1477,https://sunnah.com/tirmidhi:1477,,,Abu Tha'labah Al-Khushani,sunnah_narrated_label,inbook_ref_match_with_local_content,IMPORTED,Verified via inbook_ref_match_with_local_content; sunnah in-book Book 18 Hadith 16
Jami' at-Tirmidhi,tirmidhi,1480,https://sunnah.com/tirmidhi:1480,,,Abu Waqid Al-Laithi,sunnah_narrated_label,inbook_ref_match_with_local_content,IMPORTED,Verified via inbook_ref_match_with_local_content; sunnah in-book Book 18 Hadith 20
Jami' at-Tirmidhi,tirmidhi,1484,https://sunnah.com/tirmidhi:1484,,,Abu Sa'eed Al-Khudri,sunnah_narrated_label,inbook_ref_match_with_local_content,IMPORTED,Verified via inbook_ref_match_with_local_content; sunnah in-book Book 18 Hadith 25
Jami' at-Tirmidhi,tirmidhi,1491,https://sunnah.com/tirmidhi:1491,,,Rafi' bin Khadij,sunnah_narrated_label,inbook_ref_match_with_local_content,IMPORTED,Verified via inbook_ref_match_with_local_content; sunnah in-book Book 18 Hadith 33
Jami' at-Tirmidhi,tirmidhi,1492,https://sunnah.com/tirmidhi:1492,,,Rafi' bin Khadij,sunnah_narrated_label,inbook_ref_match_with_local_content,IMPORTED,Verified via inbook_ref_match_with_local_content; sunnah in-book Book 18 Hadith 35
Jami' at-Tirmidhi,tirmidhi,1497,https://sunnah.com/tirmidhi:1497,,,Al-Bara' bin 'Azib,sunnah_narrated_label,inbook_ref_match_with_local_content,IMPORTED,Verified via inbook_ref_match_with_local_content; sunnah in-book Book 19 Hadith 5
Jami' at-Tirmidhi,tirmidhi,1498,https://sunnah.com/tirmidhi:1498,,,'Ali bin Abi Talib,sunnah_narrated_label,inbook_ref_match_with_local_content,IMPORTED,Verified via inbook_ref_match_with_local_content; sunnah in-book Book 19 Hadith 7
Jami' at-Tirmidhi,tirmidhi,1500,https://sunnah.com/tirmidhi:1500,,,'Uqbah bin 'Amir,sunnah_narrated_label,inbook_ref_match_with_local_content,IMPORTED,Verified via inbook_ref_match_with_local_content; sunnah in-book Book 19 Hadith 10
Jami' at-Tirmidhi,tirmidhi,1515,https://sunnah.com/tirmidhi:1515,,,Salman bin 'Amir Ad-Dabbi,sunnah_narrated_label,inbook_ref_match_with_local_content,IMPORTED,Verified via inbook_ref_match_with_local_content; sunnah in-book Book 19 Hadith 26
Jami' at-Tirmidhi,tirmidhi,1522,https://sunnah.com/tirmidhi:1522,,,Samurah,sunnah_narrated_label,inbook_ref_match_with_local_content,IMPORTED,Verified via inbook_ref_match_with_local_content; sunnah in-book Book 19 Hadith 34
Jami' at-Tirmidhi,tirmidhi,1526,https://sunnah.com/tirmidhi:1526,,,'Aishah,sunnah_narrated_label,inbook_ref_match_with_local_content,IMPORTED,Verified via inbook_ref_match_with_local_content; sunnah in-book Book 20 Hadith 3
Jami' at-Tirmidhi,tirmidhi,1537,https://sunnah.com/tirmidhi:1537,,,Anas,sunnah_narrated_label,inbook_ref_match_with_local_content,IMPORTED,Verified via inbook_ref_match_with_local_content; sunnah in-book Book 20 Hadith 15
Jami' at-Tirmidhi,tirmidhi,1553,https://sunnah.com/tirmidhi:1553,,,Abu Umamah,sunnah_narrated_label,inbook_ref_match_with_local_content,IMPORTED,Verified via inbook_ref_match_with_local_content; sunnah in-book Book 21 Hadith 6
Jami' at-Tirmidhi,tirmidhi,1554,https://sunnah.com/tirmidhi:1554,,,Ibn 'Umar,sunnah_narrated_label,inbook_ref_match_with_local_content,IMPORTED,Verified via inbook_ref_match_with_local_content; sunnah in-book Book 21 Hadith 8
Jami' at-Tirmidhi,tirmidhi,1558,https://sunnah.com/tirmidhi:1558,,,'Aishah,sunnah_narrated_label,inbook_ref_match_with_local_content,IMPORTED,Verified via inbook_ref_match_with_local_content; sunnah in-book Book 21 Hadith 13
Jami' at-Tirmidhi,tirmidhi,1560,https://sunnah.com/tirmidhi:1560,,,Abu Tha'labah Al-Khushani,sunnah_narrated_label,inbook_ref_match_with_local_content,IMPORTED,Verified via inbook_ref_match_with_local_content; sunnah in-book Book 21 Hadith 16
Jami' at-Tirmidhi,tirmidhi,1561,https://sunnah.com/tirmidhi:1561,,,'Ubadah bin As-Samit,sunnah_narrated_label,inbook_ref_match_empty_local_texts,IMPORTED,Verified via inbook_ref_match_empty_local_texts; sunnah in-book Book 21 Hadith 18
Jami' at-Tirmidhi,tirmidhi,1562,https://sunnah.com/tirmidhi:1562,,,Abu Qatadah,sunnah_narrated_label,inbook_ref_match_with_local_content,IMPORTED,Verified via inbook_ref_match_with_local_content; sunnah in-book Book 21 Hadith 20
Jami' at-Tirmidhi,tirmidhi,1565,https://sunnah.com/tirmidhi:1565,,,Qabisah bin Hulb,sunnah_narrated_label,inbook_ref_match_with_local_content,IMPORTED,Verified via inbook_ref_match_with_local_content; sunnah in-book Book 21 Hadith 24
Jami' at-Tirmidhi,tirmidhi,1579,https://sunnah.com/tirmidhi:1579,,,Abu Hurairah,sunnah_narrated_label,inbook_ref_match_with_local_content,IMPORTED,Verified via inbook_ref_match_with_local_content; sunnah in-book Book 21 Hadith 40
Jami' at-Tirmidhi,tirmidhi,1599,https://sunnah.com/tirmidhi:1599,,,Ibn 'Abbas,sunnah_narrated_label,inbook_ref_match_with_local_content,IMPORTED,Verified via inbook_ref_match_with_local_content; sunnah in-book Book 21 Hadith 61
Jami' at-Tirmidhi,tirmidhi,1617,https://sunnah.com/tirmidhi:1617,,,Sulaiman bin Buraidah,sunnah_narrated_label,inbook_ref_match_with_local_content,IMPORTED,Verified via inbook_ref_match_with_local_content; sunnah in-book Book 21 Hadith 80
Jami' at-Tirmidhi,tirmidhi,1618,https://sunnah.com/tirmidhi:1618,,,Anas bin Malik,sunnah_narrated_label,inbook_ref_match_with_local_content,IMPORTED,Verified via inbook_ref_match_with_local_content; sunnah in-book Book 21 Hadith 82
Jami' at-Tirmidhi,tirmidhi,1637,https://sunnah.com/tirmidhi:1637,,,'Abdullah bin 'Abdur-Rahman bin Abu Husain,sunnah_narrated_label,inbook_ref_match_with_local_content,IMPORTED,Verified via inbook_ref_match_with_local_content; sunnah in-book Book 22 Hadith 19
Jami' at-Tirmidhi,tirmidhi,1705,https://sunnah.com/tirmidhi:1705,,,Ibn 'Umar,sunnah_narrated_label,inbook_ref_match_with_local_content,IMPORTED,Verified via inbook_ref_match_with_local_content; sunnah in-book Book 23 Hadith 36
Jami' at-Tirmidhi,tirmidhi,1709,https://sunnah.com/tirmidhi:1709,,,مجاهد بن جبر القرشي,sunnah_arabic_isnad_last_link,inbook_ref_match_with_local_content,IMPORTED,Verified via inbook_ref_match_with_local_content; sunnah in-book Book 23 Hadith 41
Jami' at-Tirmidhi,tirmidhi,1711,https://sunnah.com/tirmidhi:1711,,,Nafi,sunnah_narrated_label,inbook_ref_match_with_local_content,IMPORTED,Verified via inbook_ref_match_with_local_content; sunnah in-book Book 23 Hadith 44
Jami' at-Tirmidhi,tirmidhi,1756,https://sunnah.com/tirmidhi:1756,,,'Abdullah bin Mughaffal,sunnah_narrated_label,inbook_ref_match_with_local_content,IMPORTED,Verified via inbook_ref_match_with_local_content; sunnah in-book Book 24 Hadith 37
Jami' at-Tirmidhi,tirmidhi,1757,https://sunnah.com/tirmidhi:1757,,,Ibn 'Abbas,sunnah_narrated_label,inbook_ref_match_with_local_content,IMPORTED,Verified via inbook_ref_match_with_local_content; sunnah in-book Book 24 Hadith 39
Jami' at-Tirmidhi,tirmidhi,1767,https://sunnah.com/tirmidhi:1767,,,Abu Sa'eed,sunnah_narrated_label,inbook_ref_match_with_local_content,IMPORTED,Verified via inbook_ref_match_with_local_content; sunnah in-book Book 24 Hadith 50
Jami' at-Tirmidhi,tirmidhi,1770,https://sunnah.com/tirmidhi:1770,,,'Urfajah bin As'ad,sunnah_narrated_label,inbook_ref_match_with_local_content,IMPORTED,Verified via inbook_ref_match_with_local_content; sunnah in-book Book 24 Hadith 54
Jami' at-Tirmidhi,tirmidhi,1781,https://sunnah.com/tirmidhi:1781,,,Umm Hani,sunnah_narrated_label,inbook_ref_match_with_local_content,IMPORTED,Verified via inbook_ref_match_with_local_content; sunnah in-book Book 24 Hadith 69
Jami' at-Tirmidhi,tirmidhi,1794,https://sunnah.com/tirmidhi:1794,,,"'Abdullah and Al-Hasan, the sons of Muhammad bin 'Ali",sunnah_narrated_label,inbook_ref_match_with_local_content,IMPORTED,Verified via inbook_ref_match_with_local_content; sunnah in-book Book 25 Hadith 7
Jami' at-Tirmidhi,tirmidhi,1820,https://sunnah.com/tirmidhi:1820,,,Abu Hurairah,sunnah_narrated_label,inbook_ref_match_with_local_content,IMPORTED,Verified via inbook_ref_match_with_local_content; sunnah in-book Book 25 Hadith 34
Jami' at-Tirmidhi,tirmidhi,1825,https://sunnah.com/tirmidhi:1825,,,Ibn 'Abbas,sunnah_narrated_label,inbook_ref_match_with_local_content,IMPORTED,Verified via inbook_ref_match_with_local_content; sunnah in-book Book 25 Hadith 40
Jami' at-Tirmidhi,tirmidhi,1851,https://sunnah.com/tirmidhi:1851,,,'Umar bin Al-Khattab,sunnah_narrated_label,inbook_ref_match_with_local_content,IMPORTED,Verified via inbook_ref_match_with_local_content; sunnah in-book Book 25 Hadith 67
Jami' at-Tirmidhi,tirmidhi,1858,https://sunnah.com/tirmidhi:1858,,,Umm Kulthum,sunnah_narrated_label,inbook_ref_match_with_local_content,IMPORTED,Verified via inbook_ref_match_with_local_content; sunnah in-book Book 25 Hadith 75
Jami' at-Tirmidhi,tirmidhi,1884,https://sunnah.com/tirmidhi:1884,,,Anas bin Malik,sunnah_narrated_label,inbook_ref_match_empty_local_texts,IMPORTED,Verified via inbook_ref_match_empty_local_texts; sunnah in-book Book 26 Hadith 24
Jami' at-Tirmidhi,tirmidhi,2089,https://sunnah.com/tirmidhi:2089,,,,,local_empty_cannot_verify_without_inbook,LEFT_EMPTY_UNVERIFIED,collection_ok=True inbook=None:None narrated=None links=0
Jami' at-Tirmidhi,tirmidhi,2129,https://sunnah.com/tirmidhi:2129,,,عائشة بنت أبي بكر الصديق,sunnah_arabic_isnad_last_link,inbook_ref_match_with_local_content,IMPORTED,Verified via inbook_ref_match_with_local_content; sunnah in-book Book 31 Hadith 5
Jami' at-Tirmidhi,tirmidhi,2392,https://sunnah.com/tirmidhi:2392,,,المقدام بن معدي كرب الكندي,sunnah_arabic_isnad_last_link,inbook_ref_match_with_local_content,IMPORTED,Verified via inbook_ref_match_with_local_content; sunnah in-book Book 36 Hadith 89
Jami' at-Tirmidhi,tirmidhi,2498,https://sunnah.com/tirmidhi:2498,"And the Messenger of Allah (s.a.w) said:""Allah is more pleased with the repentance of one of you that a man in a desolat","وَقَالَ قَالَ رَسُولُ اللَّهِ صلى الله عليه وسلم ‏ ""‏ لَلَّهُ أَفْرَحُ بِتَوْبَة",,,text_and_inbook_match,LEFT_EMPTY_NO_RAVI_ON_PAGE,Verified same hadith/book but sunnah page has no extractable narrator
Jami' at-Tirmidhi,tirmidhi,2743,https://sunnah.com/tirmidhi:2743,"And 'Abdur-Rahman bin Mahdi reported it from 'Ikrimah bin 'Ammar and it is similar to the narration of Ibn Al-Mubarak, b",وَرَوَى عَبْدُ الرَّحْمَنِ بْنُ مَهْدِيٍّ، عَنْ عِكْرِمَةَ بْنِ عَمَّارٍ، نَحْوَ,Iyas bin Salamah,sunnah_narrated_label,inbook_ref_match_with_local_content,IMPORTED,Verified via inbook_ref_match_with_local_content; sunnah in-book Book 43 Hadith 10
Jami' at-Tirmidhi,tirmidhi,2787,https://sunnah.com/tirmidhi:2787,Another chain of narration similar in meaning,,Abu Hurairah,sunnah_narrated_label,inbook_ref_match_with_local_content,IMPORTED,Verified via inbook_ref_match_with_local_content; sunnah in-book Book 43 Hadith 59
Jami' at-Tirmidhi,tirmidhi,2855,https://sunnah.com/tirmidhi:2855,(Another chain) with similar meaning,,'Abdullah,sunnah_narrated_label,inbook_ref_match_with_local_content,IMPORTED,Verified via inbook_ref_match_with_local_content; sunnah in-book Book 43 Hadith 130
Jami' at-Tirmidhi,tirmidhi,3011,https://sunnah.com/tirmidhi:3011,,,Masruq,sunnah_narrated_label,inbook_ref_match_empty_local_texts,IMPORTED,Verified via inbook_ref_match_empty_local_texts; sunnah in-book Book 47 Hadith 63
Jami' at-Tirmidhi,tirmidhi,3015,https://sunnah.com/tirmidhi:3015,,,Jabir bin 'Abdullah,sunnah_narrated_label,inbook_ref_match_empty_local_texts,IMPORTED,Verified via inbook_ref_match_empty_local_texts; sunnah in-book Book 47 Hadith 67
Jami' at-Tirmidhi,tirmidhi,3367,https://sunnah.com/tirmidhi:3367,,,عقبة بن عامر الجهني,sunnah_arabic_isnad_last_link,inbook_ref_match_with_local_content,IMPORTED,Verified via inbook_ref_match_with_local_content; sunnah in-book Book 47 Hadith 419
Jami' at-Tirmidhi,tirmidhi,3368,https://sunnah.com/tirmidhi:3368,,,,,no_text_or_inbook_match,LEFT_EMPTY_UNVERIFIED,collection_ok=True inbook=None:None narrated=None links=0
Jami' at-Tirmidhi,tirmidhi,3717,https://sunnah.com/tirmidhi:3717,,,Abu Sa'eed Al-Khudri,sunnah_narrated_label,inbook_ref_match_with_local_content,IMPORTED,Verified via inbook_ref_match_with_local_content; sunnah in-book Book 49 Hadith 113
Jami' at-Tirmidhi,tirmidhi,3758,https://sunnah.com/tirmidhi:3758,,,'Abdul-Muttalib bin Rabi'ah bin Al-Harith bin 'Abdul-Muttalib,sunnah_narrated_label,inbook_ref_match_with_local_content,IMPORTED,Verified via inbook_ref_match_with_local_content; sunnah in-book Book 49 Hadith 155
Jami' at-Tirmidhi,tirmidhi,3759,https://sunnah.com/tirmidhi:3759,,,Ibn 'Abbas,sunnah_narrated_label,inbook_ref_match_with_local_content,IMPORTED,Verified via inbook_ref_match_with_local_content; sunnah in-book Book 49 Hadith 157
Jami' at-Tirmidhi,tirmidhi,3799,https://sunnah.com/tirmidhi:3799,,,'Aishah,sunnah_narrated_label,inbook_ref_match_with_local_content,IMPORTED,Verified via inbook_ref_match_with_local_content; sunnah in-book Book 49 Hadith 198
