Book,Slug,Hadith Number,Narrator,Chapter,Reference URL
Sunan Abu Dawood,abudawud,123,Al-Miqdam b. Ma’dikarib,Purification (Kitab Al-Taharah),https://sunnah.com/abudawud:123
Sunan Abu Dawood,abudawud,1598,Waki',Zakat (Kitab Al-Zakat),https://sunnah.com/abudawud:1598
Sahih Bukhari,bukhari,239,Abu Huraira,Ablutions (Wudu'),https://sunnah.com/bukhari:239
Sahih Bukhari,bukhari,486,نافع,Prayers (Salat),https://sunnah.com/bukhari:486
Sahih Bukhari,bukhari,804,أبو هريرة الدوسي,Call to Prayers (Adhaan),https://sunnah.com/bukhari:804
Sahih Bukhari,bukhari,1848,Ya'li,Penalty of Hunting while on Pilgrimage,https://sunnah.com/bukhari:1848
Sahih Bukhari,bukhari,5337,Zainab,Divorce,https://sunnah.com/bukhari:5337
Sahih Bukhari,bukhari,5956,Aisha,Dress,https://sunnah.com/bukhari:5956
Sahih Bukhari,bukhari,6625,Abu Huraira,Oaths and Vows,https://sunnah.com/bukhari:6625
Jami' at-Tirmidhi,tirmidhi,225,أبو هريرة الدوسي,The Book on Salat (Prayer),https://sunnah.com/tirmidhi:225
Jami' at-Tirmidhi,tirmidhi,319,أنس بن مالك الأنصاري,The Book on Salat (Prayer),https://sunnah.com/tirmidhi:319
Jami' at-Tirmidhi,tirmidhi,1227,Ibn 'Umar,The Book on Business,https://sunnah.com/tirmidhi:1227
Jami' at-Tirmidhi,tirmidhi,2498,Al-Harith bin Suwaid,"Chapters on the description of the Day of Judgement, Ar-Riqaq, and Al-Wara'",https://sunnah.com/tirmidhi:2498
